"CODIGO_ARTICULO";"DESCRIP_COMERCIAL";"NUM_UNID_ALM";"CODIGO_IMPTO";"TIPO_CADENA_LOGISTICA";"UNIDAD_CODIGO1";"CODIGO_FAMILIA"
"400200";"CORREA DE DISTRIBUCION MOD. 8484";"1";"1";"GEN";"UNID";"50"
"300500";"PLACA COMBO VIDEO+VOZ 7873";"1";"1";"GEN";"UNID";"32"
"500007";"POSATOALLAS MOD. 882";"1";"1";"GEN";"UNID";"87"
"500873";"PLATO DUCHA PL.-344 0,90";"1";"1";"GEN";"UNID";"87"
"500700";"GRIFERIA MONOBLOCK 73'";"1";"1";"GEN";"UNID";"87"
"7002";"TORNILLO HEXAGONAL C/REDONDA";"1";"1";"GEN";"UNID";"83"
"400300";"FILTRO DE AIRE";"1";"1";"GEN";"UNID";"50"
"300301";"TARJETA SONIDO 300w";"1";"1";"GEN";"UNID";"32"
"600001";"CAJA PLASTICO 12 L";"1";"1";"GEN";"UNID";"98"
"700459";"RUEDA 150R15 MICHELIN F893 L-33433232003";"1";"1";"GEN";"UNID";"50"
"878789";"SACO DE PIENS0 100 KG";"2";"1";"GEN";"SACO";"81"
"450000";"ACEITE GIRASOL 0,4 AC.L.";"1";"3";"GEN";"UNID";"72"
"7000";"TORNILLO 20x20 C/PLANA";"1";"1";"GEN";"UNID";"83"
"T01";"GASTOS NO DEDUCIBLE NORMAL";"1";"7";"GEN";"UNID";"98"
"T02";"GASTOS DEDUCIBLE NORMAL";"1";"1";"GEN";"UNID";"11"
"010011";"ORDENADOR DELL T5880 NT.9093";"1";"1";"GEN";"UNID";"10"
"600002";"PIZARRA PALETIZADA MOD.838";"2";"1";"GEN";"PALET";"88"
"400004";"BUJIA 4"" MOD.992 CHAMPION";"1";"1";"GEN";"UNID";"50"
"700000";"ESCOBA MOD. 7734";"1";"1";"GEN";"UNID";"99"
"700001";"MANGO MADERA MOD. 321";"1";"1";"GEN";"UNID";"40"
"700003";"ETIQUETA COSMOS ISO 9/UE";"1";"1";"GEN";"UNID";"40"
"300222";"PLACA BASE AT 4, P III, MOD 334C";"1";"1";"GEN";"UNID";"30"
"9000";"PDA MOD. 9934 SYMBOL";"1";"1";"GEN";"UNID";"11"
"800000";"CATERPILLAR MOD. 8823 CAZO 20 (SERIES)";"1";"1";"GEN";"UNID";"60"
"8000";"MARTILLO BELLOTA MOD.003";"1";"1";"GEN";"UNID";"99"
"7004";"MARTILLO CARPINTERO";"1";"1";"GEN";"UNID";"80"
"7005";"DESTORNILLADOR";"1";"1";"GEN";"UNID";"83"
"301";"SACO PIENSOS 10 KG. GTRAN ROYAL";"2";"2";"GEN";"KN";"71"
"100";"W. BALLANTINES 0.90";"1";"1";"GEN";"UNID";"70"
"110001";"ORDENADOR PENTIUM II 450 MGZ 4,2 GB";"1";"1";"GEN";"UNID";"11"
"200001";"IMPRESORA EPSON EPL-5200";"1";"1";"GEN";"UNID";"20"
"010002";"ORDENADOR RISC 6000 MOD 43 P88";"1";"1";"GEN";"UNID";"10"
"010003";"ORDENADOR RISC 60P";"1";"1";"GEN";"UNID";"10"
"200002";"IMPRESORA EPSON MOD. DFX8500";"1";"1";"GEN";"UNID";"20"
"999999";"TEXTO";"1";"1";"GEN";"UNID";"99"
"999998";"EXTERNO";"1";"1";"GEN";"UNID";"99"
"200003";"IMPRESORA STYLUS COLOR 1000";"1";"1";"GEN";"UNID";"20"
"500002";"LAVABO MODELO DAMA";"1";"1";"GEN";"UNID";"87"
"500003";"LAVABO MOD. PRINMAVERA";"1";"1";"GEN";"UNID";"87"
"500004";"PIZARRA 20x20 (PRECIOS x1000)";"1";"1";"GEN";"UNID";"88"
"900001";"TAPON ROSCA PET";"1";"1";"GEN";"UNID";"40"
"900003";"ETIQUETA CABREIROA";"1";"1";"GEN";"UNID";"40"
"00000089";"CAJA  BOTELLAS AMANDI LAR";"2";"1";"GEN";"CAJA";"70"
"5501";"LENGUADO 2";"2";"2";"GEN";"KN";"71"
"152910";"COCA-COLA 33 CL.";"1";"2";"GEN";"UNID";"70"
"5500";"VAINA";"2";"2";"GEN";"KN";"71"
"6790";"TUBO POLIPROPILENO SANEAMIENTO";"1";"1";"GEN";"UNID";"87"
"454545";"LADRIDO 12"" CARAVISTA";"1";"1";"GEN";"UNID";"81"
"400003";"FILTRO DE AIRE MOD. 1312 IVECO";"1";"1";"GEN";"UNID";"50"
"400005";"BUJIA 12 "" MOD.9913 CHAMPION";"1";"1";"GEN";"UNID";"50"
"400006";"CORREA DISTRIBUCION MOD. 13813 RENAULT";"1";"1";"GEN";"UNID";"50"
"900002";"ENVOLTORIO";"1";"1";"GEN";"UNID";"40"
"400000";"CUARTO DE BAÑO MODELO PRIMAVERA 'ROCA'";"1";"1";"GEN";"UNID";"87"
"333333";"LADRILLO CARAVISTA 18""";"1";"1";"GEN";"UNID";"82"
"333334";"LADRILLO CARAVISTA 20""";"1";"1";"GEN";"UNID";"82"
"010005";"ORDENADOR PENTIUM VI 3.5 Gz";"1";"1";"GEN";"UNID";"11"
"010007";"ORDENADOR ULTRABOOK ACER MO. 993344";"1";"1";"GEN";"UNID";"11"
"700900";"MADERA ECUCALIPTO VILLAPOL TABLON 20,09";"2";"1";"GEN";"UNID";"99"
"00000091";"DISQUETERA 3 1/5 "".";"1";"1";"GEN";"UNID";"32"
"900000";"BOTELLA DE AGUA CABREIROA CRISTAL L. 1/5";"1";"1";"GEN";"UNID";"70"
"900900";"AGUA";"1";"2";"GEN";"L";"40"
"650000";"MANDO MONOBLOCK MOD.23";"1";"1";"GEN";"UNID";"87"
"700002";"HILOS ESCOBA MOD. 321";"1";"1";"GEN";"ML";"40"
"400008";"GASOLINA SUPER";"1";"1";"GEN";"L";"51"
"999997";"UTILES PAPLERIA 7395";"1";"1";"GEN";"UNID";"99"
"500908";"SANDWICH PAVO CON GUISANTES";"1";"7";"GEN";"UNID";"790"
"400100";"PANEL TERMOCHIP 2.3";"2";"1";"GEN";"UNID";"88"
"500701";"LAVADERO MOD. 8282";"1";"1";"GEN";"UNID";"87"
"400001";"ACEITE 40W CEPSA LATA 5 L.";"1";"1";"GEN";"UNID";"50"
"800003";"TRIPA CERDO EXTRA";"1";"2";"GEN";"KN";"P01"
"800004";"ACEITE VIRGEN 0,4";"1";"2";"GEN";"L";"P03"
"800005";"AJO";"1";"2";"GEN";"UNID";"P02"
"800006";"PIMIENTA";"1";"2";"GEN";"KN";"P02"
"800007";"PLASTICO RETRACTIL 0,02 MM.X 1M  ROLLO";"1";"1";"GEN";"KN";"98"
"800008";"CARTON RIGIDO 0,01 M-982";"1";"1";"GEN";"KN";"98"
"610000";"TOCHO ALUMINIO";"1";"1";"GEN";"KN";"40"
"1000";"PAN RALLADO";"1";"2";"GEN";"KN";"40"
"6500";"CEBADA";"1";"1";"GEN";"KN";"40"
"69000";"RON LANGOSTURA";"2";"1";"GEN";"CAJA";"70"
"69001";"RON LANGOSTERA ESPECIAL";"1";"1";"GEN";"UNID";"70"
"454546";"LADRIDO 10"" CARAVISTA (7% IVA)";"1";"2";"GEN";"UNID";"82"
"878787";"SACO DE PIENS0 25 KG";"2";"1";"GEN";"SACO";"98"
"600808";"CIGALA 7";"1";"2";"GEN";"KN";"71"
"000019";"BACALAO H/G";"1";"2";"GEN";"KN";"P04"
"000020";"FILETE DE BACALAO";"1";"2";"GEN";"KN";"10"
"500006";"INODORO PRIMAVERA 'ROCA'";"1";"1";"GEN";"UNID";"87"
"444";"SACO PIENSOS GRAN ROYAL MIN 10. KG";"2";"2";"GEN";"SACO";"10"
"400002";"FILTRO DE AIRE MOD. 8283 RENAULT";"1";"1";"GEN";"UNID";"50"
"700800";"PIZARRA 1. MOD. CALABRIA";"2";"1";"GEN";"PALET";"88"
"FC120H";"FILTRO 120 H";"1";"2";"GEN";"UNID";"50"
"500702";"PORTAROLLOS PRIMAVERA BLANCO MOD.32";"1";"1";"GEN";"UNID";"87"
"500704";"TAPA BIDE PERGAMO BLANCO MOD.8383";"1";"1";"GEN";"UNID";"87"
"010010";"ORDENADOR DELL T4600 PRECISION";"1";"1";"GEN";"UNID";"10"
"800009";"ALBUMINA DE HUEVO";"1";"1";"GEN";"KN";"P03"
"00000002";"HARINA SELECTA COAL";"1";"2";"GEN";"KN";"P03"
"600800";"CIGALA 1";"1";"2";"GEN";"KN";"71"
"800700";"CIGALA 3";"1";"2";"GEN";"KN";"71"
"800701";"CIGALA 4";"1";"2";"GEN";"KN";"71"
"150150";"MODULO 1A  MP3-344";"1";"1";"GEN";"UNID";"99"
"180900";"DIGITALIZADOR BLU-SENS MOD.029 BLUE";"1";"1";"GEN";"UNID";"99"
"767678";"CAJA VINO ALBARIÑO";"2";"1";"GEN";"CAJA";"70"
"010009";"ORDENADOR DELL T1900 MOD.9923";"1";"1";"GEN";"UNID";"11"
"400800";"MARTILLO BELLOTA MOD. 339838CARP.";"1";"1";"GEN";"UNID";"80"
"200009";"IMPRESORA HP JU-6700";"1";"1";"GEN";"UNID";"21"
"600900";"CAMARON 1";"1";"2";"GEN";"KN";"71"
"600802";"CIGALA 3";"1";"2";"GEN";"KN";"71"
"999995";"UTILES PAPLERIA 519530";"1";"91";"GEN";"UNID";"99"
"000002";"MESA ACERO 20*10 MOD. 8383";"1";"1";"GEN";"UNID";"01"
"000003";"TUBO ACERO 10MM";"1";"1";"GEN";"ML";"99"
"000004";"TUBO ACERO 20 MM";"1";"1";"GEN";"ML";"01"
"000005";"ANGULO 10 MM. ACERO";"1";"1";"GEN";"UNID";"99"
"873878";"MESA ACERO MOD. 9934";"1";"1";"GEN";"UNID";"01"
"000016";"CALAMAR ESTUCHADO 20X10";"1";"2";"GEN";"KN";"71"
"000007";"DESTORNILLADOR PLANO 20 MM MOD.334";"1";"1";"GEN";"UNID";"80"
"000017";"RUEDA MICHELIN 14 ''";"1";"1";"GEN";"UNID";"01"
"000008";"MESA ACERO 30*10 MOD. 8975";"1";"1";"GEN";"UNID";"01"
"000009";"DEPOSITO ACERO MOD. 909334";"1";"1";"GEN";"UNID";"01"
"600803";"CIGALA 4";"1";"2";"GEN";"KN";"71"
"000011";"DEPOSITO INERCIAL AL CARBONO MOD. 2323";"1";"1";"GEN";"UNID";"01"
"700460";"RUEDA R28 20"" MICHELIN";"1";"1";"GEN";"UNID";"50"
"000014";"CAMION IVECO";"1";"1";"GEN";"UNID";"99"
"400007";"GASOIL 'A'";"1";"1";"GEN";"L";"51"
"PLANTILLA";"PLANTILLA CONFIGURADOR (NO USAR)";"1";"1";"GEN";"UNID";"800"
"900";"BACALAO 1.";"2";"1";"GEN";"KN";"71"
"900004";"ETIQUETA JUEGOS OLIMPICOS ATENAS 2004";"1";"1";"GEN";"UNID";"98"
"800";"BACALAO 1";"1";"1";"GEN";"KN";"10"
"10001";"PINZA 3";"1";"1";"GEN";"UNID";"87"
"KIT01";"KIT01";"1";"1";"GEN";"UNID";"10"
"00000001";"PLACA POLIESTER";"2";"1";"GEN";"UNID";"10"
"500500";"ESTACION DEPURADORA DE AGUAS MOD. 992";"1";"1";"GEN";"UNID";"99"
"799";"SERVICIOS NOTARIO";"1";"5";"GEN";"UNID";"10"
"798";"MANTENIMIENTO";"1";"1";"GEN";"UNID";"10"
"5550";"CALAMAR 1";"1";"1";"GEN";"KN";"71"
"5551";"CALAMAR 2";"1";"1";"GEN";"KN";"71"
"5552";"CALAMAR 3";"1";"1";"GEN";"KN";"71"
"900005";"BOTEL CRISTAL 1,5 L.";"1";"1";"GEN";"UNID";"99"
"800101";"HARINA INDUSTRIAL EN SACO";"1";"2";"GEN";"KN";"74"
"800001";"CHORIZO EXTRA VELA PIEZA 1/2K KG.";"1";"2";"GEN";"UNID";"73"
"800100";"LACON EXTRA CURADO PIEZA 1 KG.";"2";"2";"GEN";"UNID";"74"
"700500";"PUERTA MADERA NOGAL MACIZA 2,3 x ,09";"1";"1";"GEN";"UNID";"99"
"5502";"ATUN";"1";"2";"GEN";"KN";"71"
"5503";"ABADEJO 1A";"1";"2";"GEN";"KN";"71"
"158001";"COMPRESOR 1900W. MOD.902-AT";"1";"1";"GEN";"UNID";"99"
"150002";"CENTRAL FRIGORIFICA";"1";"1";"GEN";"UNID";"61"
"150003";"MODULO MP3-344";"1";"1";"GEN";"UNID";"99"
"150004";"FILTRO COMPRESOR";"1";"1";"GEN";"UNID";"99"
"15005";"VISOR COMPRESOR";"1";"1";"GEN";"UNID";"99"
"17000";"SOPORTE CENTRAL FRIGORIFICA";"1";"1";"GEN";"UNID";"99"
"4100013206";"ZAPATO BEBE 0-1 MOD.9993";"1";"1";"GEN";"UNID";"C02"
"410000L02";"CREMALLERA MOD. 9002";"1";"1";"GEN";"UNID";"C01"
"410000";"CREMALLERA MOD. 9002";"1";"1";"GEN";"UNID";"C01"
"410001";"ZAPATO BEBE 0-1 MOD.9993";"1";"1";"GEN";"UNID";"C02"
"410002";"BOTON MOD. PRIMAVERA";"1";"1";"GEN";"UNID";"11"
"410003";"CREMALLERA MOD. 823. NUEVA";"1";"1";"GEN";"UNID";"C01"
"4100023804";"BOTON MOD. PRIMAVERA";"1";"1";"GEN";"UNID";"11"
"4100023810";"BOTON MOD. PRIMAVERA";"1";"1";"GEN";"UNID";"11"
"410003XXL01";"CREMALLERA MOD. 823. NUEVA";"1";"1";"GEN";"UNID";"C01"
"410003L03";"CREMALLERA MOD. 823. NUEVA";"1";"1";"GEN";"UNID";"C01"
"4100023203";"BOTON MOD. PRIMAVERA";"1";"1";"GEN";"UNID";"11"
"4100025011";"BOTON MOD. PRIMAVERA";"1";"1";"GEN";"UNID";"11"
"012001";"ORDENADOR RISC 8000 POWER DUO  MOD 15614";"1";"1";"GEN";"UNID";"10"
"AR001";"TORNILLOS DE 3,45 X 30 DORADOS";"1";"1";"GEN";"UNID";"10"
"7001";"TORNILLO 30x10 C/PLANA";"1";"1";"GEN";"UNID";"83"
"69002";"RON AÑEJO LANGSTERA";"1";"1";"GEN";"UNID";"70"
"70900";"ESTANTERIA TIPO 1";"1";"1";"GEN";"UNID";"10"
"9898";"TORNILLO 8 mm ACERO CAB.PLANA";"1";"1";"GEN";"UNID";"11"
"500100";"PAN DE MOLDE BIMBO 11X11. 24 REBANADAS";"2";"7";"GEN";"BOLSA";"75"
"500101";"PAN DE MOLDE BIMBO 11X11. 26 REBANADAS";"2";"7";"GEN";"BOLSA";"75"
"500120";"GUISANTE BOTE CRISTAL 2 KILOS";"2";"7";"GEN";"EST";"76"
"500121";"GUISANTE BOTE CRISTAL 5 KILOS";"2";"7";"GEN";"EST";"76"
"500130";"LONCHAS DE PAVO EN BLOCK 20 KILOS";"2";"7";"GEN";"BOLSA";"73"
"500131";"LONCHAS DE PAVO EN BLOCK 15 KILOS";"2";"7";"GEN";"BOLSA";"73"
"500300";"REBANADA DE PAN DE MOLDE";"1";"7";"GEN";"UNID";"73"
"500301";"GUISANTE GRANEL";"1";"7";"GEN";"KN";"73"
"500302";"LONCHA DE PAVO GRANEL";"1";"7";"GEN";"KN";"73"
"600806";"CIGALA 5";"1";"2";"GEN";"KN";"71"
"767679";"CAJA VINO MARQUES DE MURRIETA CRIANZA 20";"2";"1";"GEN";"CAJA";"70"
"000038";"RODAJA LENGUADO GLASEADA";"1";"2";"GEN";"KN";"71"
"000039";"CALAMAR 12""";"1";"2";"GEN";"KN";"P04"
"000040";"CALAMAR 13""";"1";"2";"GEN";"KN";"P04"
"100100";"PERFIL ALUMINIO CORREDERA";"1";"1";"GEN";"UNID";"01"
"800805";"CALAMAR PATAGONICO 1.A";"2";"1";"GEN";"KN";"71"
"800002";"CARNE DE CERDO";"1";"2";"GEN";"KN";"P01"
"000010";"MUEBLE ENCIMERA ACERO 14 MOD. 33444";"1";"1";"GEN";"UNID";"87"
"000015";"RODAMIENTO INDUSTRIAL. MOD.349";"1";"1";"GEN";"UNID";"01"
"000056";"DEPOSITO ACERO MOD. 8482094 CARBONO";"1";"1";"GEN";"UNID";"01"
"900700";"BAÑERA";"1";"1";"GEN";"UNID";"61"
"800901";"CHORIZO ENVASADO BANDEJA 1KG";"1";"2";"GEN";"UNID";"73"
"100159";"GAMBA HUELVA NO.3";"2";"2";"PPV";"KN";"77"
"000063";"BOTA DE POCERO NO. 56";"1";"1";"GEN";"UNID";"C02"
"000064";"FUELLE 12'' MODEL 9093";"1";"1";"GEN";"UNID";"01"
"000065";"PEZ  ESPADA  < 30 KG";"1";"2";"GEN";"KN";"71"
"000066";"PEZ  ESPADA  > 10 KG < 100 KG";"1";"2";"GEN";"KN";"71"
"000067";"MANGUITO 8mm MOD. 9090";"1";"1";"GEN";"UNID";"50"
"000068";"MANGUITO 130mm MOD. 9092";"1";"1";"GEN";"UNID";"50"
"000069";"RADIADOR P-910 12 L.";"1";"1";"GEN";"UNID";"50"
"000070";"VICKS VAPORUB";"1";"2";"GEN";"UNID";"F01"
"0000000000001";"FLOTADOR MOD. 9092";"1";"1";"GEN";"UNID";"99"
"000026";"CHORIZO DE CIERVO PIEZA 1/2 KN";"1";"2";"GEN";"UNID";"73"
"000059";"MERLUZA 3";"2";"2";"PPV";"KN";"P11"
"000221";"CAJA BOTELLAS RISCAL RESERVA 98";"2";"2";"GEN";"CAJA";"70"
"000222";"CAJA BOTELLAS RISCAL RESERVA 2001";"2";"2";"GEN";"CAJA";"70"
"000100";"COLA MERLUZA BOLSA 3 KN";"1";"2";"GEN";"KN";"71"
"000200";"MERLUZA 6";"2";"2";"PPV";"KN";"77"
"000060";"MERLUZA 4";"2";"2";"PPV";"KN";"P11"
"000061";"MERLUZA 5";"2";"2";"PPV";"KN";"P11"
"000080";"RODAJA MERLUZA BOLSA 3 KN";"2";"2";"GEN";"KN";"99"
"000062";"MERLUZA 10";"2";"2";"PPV";"KN";"77"
"600600";"DEPOSITO MINI ACERO 12 . MOD.9934";"1";"2";"GEN";"UNID";"01"
"000028";"MOTOR M00394";"1";"1";"GEN";"UNID";"99"
"000029";"CAJA LUZ MOD.33 ECUAMATRIZ";"1";"1";"GEN";"UNID";"99"
"000030";"MOTOR M10";"1";"1";"GEN";"UNID";"99"
"000031";"MOTOR M-11";"1";"1";"GEN";"UNID";"99"
"000033";"TELA";"1";"1";"GEN";"UNID";"73"
"000034";"PATE DE CHORIZO A LASIDRA";"1";"1";"GEN";"KN";"73"
"000037";"DEPOSITO ACERO AG.RESIDUAL. 998";"1";"1";"GEN";"UNID";"01"
"800902";"CHORIZO ENVASADO BANDEJA 2KG";"1";"2";"GEN";"UNID";"73"
"000045";"TUBO ACERO 11MM";"1";"1";"GEN";"ML";"99"
"600801";"CIGALA 2";"1";"2";"GEN";"KN";"71"
"000049";"CHAQUETA AZUL TALLA XL";"1";"1";"GEN";"UNID";"99"
"000050";"CHAQUETA AZUL TALLA M";"1";"1";"GEN";"UNID";"99"
"000051";"CHAQUETA AZUL TALLA S";"1";"1";"GEN";"UNID";"99"
"000052";"BOTA TALLA 44";"1";"1";"GEN";"UNID";"99"
"000053";"BOTA TALLA 42";"1";"1";"GEN";"UNID";"99"
"000054";"BOTA TALLA 40";"1";"1";"GEN";"UNID";"99"
"000057";"MERLUZA 1";"2";"2";"PPV";"KN";"P11"
"000047";"PLANCHA CRISTAL  3MM. 2000x1000";"1";"1";"GEN";"M2";"88"
"000058";"MERLUZA 2";"2";"2";"PPV";"KN";"P11"
"500000";"MADERA DE PINO DE OREGON 32 MM.";"1";"1";"GEN";"M3";"99"
"600000";"DEPOSITO ACERO INOX. 1500 LITROS";"1";"1";"GEN";"UNID";"99"
"300";"BICICLETA DE MONTAÑA MOD.2322";"1";"1";"GEN";"UNID";"99"
"8786";"PINZA SOLDAR MOD.0034";"1";"1";"GEN";"UNID";"87"
"000043";"LUBINA 3";"1";"2";"GEN";"KN";"P04"
"000046";"CARNE DE CIERVO";"1";"2";"GEN";"KN";"P01"
"000048";"CHORIZO GAMO 1/2 KN";"1";"2";"GEN";"UNID";"73"
"69003";"VODKA SMIRNOF CAJA 12 BOTELLAS";"2";"1";"GEN";"CAJA";"70"
"000084";"CARNE DE GAMO";"1";"2";"GEN";"KN";"P01"
"000085";"CHORIZO DE JABALI 1/2 KN";"1";"2";"GEN";"UNID";"73"
"000013";"DEPOSITO MECALIA MOD.9933";"1";"1";"GEN";"UNID";"01"
"010099";"ORDENADOR MOD.88W83";"1";"1";"GEN";"UNID";"01"
"000022";"BOMBILLA 40 W";"1";"1";"GEN";"UNID";"99"
"000024";"RADIADOR AGUA IVECO MOD.9993";"1";"1";"GEN";"UNID";"11"
"000025";"CALAMAR PATAGONICO 1";"1";"1";"GEN";"UNID";"20"
"000027";"CALAMAR 2";"1";"2";"GEN";"KN";"P04"
"600809";"CIGALA 9";"1";"2";"GEN";"KN";"71"
"000035";"VASO RETRACTIL MOD 039";"1";"1";"0";"UNID";"01"
"600700";"CIGALA 18";"1";"2";"GEN";"KN";"71"
"800802";"ANILLA BLANCA C/A C/P 6X1 2802";"2";"2";"GEN";"KN";"71"
"800803";"ANILLA BLANCA C/A C/P 6X1 2803";"2";"2";"GEN";"CAJA";"71"
"010012";"SERVILLETERO";"1";"1";"GEN";"UNID";"98"
"800800";"ANILLAR DE CALAMAR, 3x5 caja 12";"2";"2";"GEN";"CAJA";"71"
"808808";"PLANTA ORQUIDEA 12MM C/MACETA";"1";"1";"GEN";"UNID";"99"
"000055";"BOLSA PLASTICA MOD. 0.3323";"1";"1";"GEN";"BOLSA";"01"
"000890";"CABEZA MERLUZA BOLSA 3 KN";"1";"2";"GEN";"KN";"71"
"100157";"GAMBA HUELVA NO.1";"2";"2";"PPV";"KN";"77"
"100158";"GAMBA HUELVA NO.2";"2";"2";"PPV";"KN";"77"
"150005";"FILTRO COMPRESOR MOD.9393";"1";"1";"GEN";"UNID";"99"
"7500";"PONEDORAS PIENSO 40 KG. (2 UNID.)";"2";"1";"GEN";"SACO";"98"
"010001";"ORDENADOR RISC 6000 POWERPC 43P MOD 7014";"1";"1";"GEN";"UNID";"10"
"700100";"ESCOBA PLANA MOD. 432";"1";"1";"GEN";"UNID";"99"
"000018";"SARDINA 1";"1";"2";"GEN";"KN";"P04"
"000023";"ALUMINIO";"1";"1";"GEN";"KN";"40"
"600807";"CIGALA 6";"1";"2";"GEN";"KN";"71"
"P00001";"PIEZA DE MANZANA";"1";"1";"GEN";"UNID";"99"
"B00001";"BANDEJA CHORIZO/BACALAO 150GGR NO DIET.";"1";"2";"GEN";"UNID";"99"
"000072";"CREMALLERA DIRECCION AVIA MOD. 89/0A";"1";"1";"GEN";"UNID";"60"
"000223";"CAJA BOTELLAS DINASTIA VIVANCO RES.2005";"2";"2";"GEN";"CAJA";"70"
"000021";"LOMOS DE BACALO NORIBERICA";"2";"2";"GEN";"CAJA";"P04"
"600804";"CIGALA 5";"1";"2";"GEN";"KN";"71"
"600810";"CIGALA 7";"1";"2";"GEN";"KN";"71"
"600805";"CIGALA 5";"1";"2";"GEN";"KN";"71"
"000122";"BLOC DE ANILLAS MOD Z.9393";"1";"1";"GEN";"UNID";"01"
"000123";"DESTORNILLADOR CUADRADO 20 MM MOD.334";"1";"1";"GEN";"UNID";"80"
"000124";"DESTORNILLADOR TRIANGULAR 20 MM MOD.334";"1";"1";"GEN";"UNID";"80"
"400310";"CORREA VENTILADOR MOD. 883";"1";"1";"GEN";"UNID";"50"
"999996";"UTILES PAPLERIA 529530";"1";"4";"GEN";"UNID";"99"
"010013";"PARAGUAS MOD ER";"1";"1";"GEN";"UNID";"98"
"000300";"TUBO CUADRADO DE 40MM. CON CODIGO TC.40";"2";"1";"GEN";"BARRA";"86"
"000086";"CARNE DE JABALI";"1";"2";"GEN";"KN";"P01"
"999980";"Mano de obra propia taller";"1";"1";"GEN";"UNID";"99"
"H00404";"ARROZ";"1";"2";"GEN";"KN";"73"
"H00219";"BACALAO CONGELADO";"1";"2";"GEN";"KN";"77"
"T00001";"ARROZ CON BACALO 150 GR. NO DIETETICO";"1";"2";"GEN";"UNID";"99"
"000006";"MADERA NOGAL 10 MM";"1";"1";"GEN";"M2";"40"
"000012";"MONITOR 12 '' EPSON";"1";"1";"GEN";"UNID";"01"
"000044";"TUBO ACERO 10MM EXT.";"1";"1";"GEN";"ML";"99"
"868686";"TOMATE CALIBRE 10 G";"2";"2";"GEN";"CAJA";"P02"
"000041";"LUBINA 1";"1";"2";"GEN";"KN";"P04"
"000042";"LUBINA 2";"1";"1";"GEN";"KN";"P04"
"000094";"BARREDERA FONDO PISCINA MOD. 344";"1";"1";"GEN";"UNID";"99"
"000095";"ESCOBA PLANA BARREDERA MOD.90/2";"1";"1";"GEN";"UNID";"99"
"000096";"LINGOTE";"1";"1";"GEN";"KN";"01"
"000099";"CAJA VINO MARQUES DE MURRIETA RESERVA 76";"2";"1";"GEN";"CAJA";"70"
"000091";"FILETE DE MERLUZA";"1";"2";"PPF";"KN";"71"
"000092";"MERLUZA HG";"1";"2";"PPV";"KN";"71"
"000087";"LAPICERO ROJO MOD. 90901";"1";"1";"GEN";"UNID";"99"
"000088";"CAJA BOTELLAS RIBEIRO GRAN GANDARELA";"2";"1";"GEN";"CAJA";"70"
"000089";"LUBINA DORADA ATLANTICO 1ª";"1";"2";"PPV";"KN";"71"
"000090";"LAPICERO AZUL";"1";"1";"GEN";"UNID";"99"
"800600";"COMBO MORTADELA MOD.0903";"1";"2";"GEN";"UNID";"99"
"000073";"LATA BONITO ACEITE DE OLIVA OL-120";"1";"2";"PPF";"UNID";"78"
"64010001";"PT. COBRE ALAMBRE CDA 102 8 MM.";"1";"1";"GEN";"KN";"02"
"64000001";"COBRE PURO ALEACION 102";"1";"1";"GEN";"KN";"40"
"64000002";"ESTAÑO";"1";"1";"GEN";"KN";"40"
"64000003";"CINC";"1";"1";"GEN";"KN";"40"
"64000004";"PLOMO";"1";"1";"GEN";"KN";"40"
"64000005";"HIERRO";"1";"1";"GEN";"KN";"40"
"64000006";"NIQUEL";"1";"1";"GEN";"KN";"40"
"64000007";"FOSFORO";"1";"1";"GEN";"KN";"40"
"64000008";"SILICIO";"1";"1";"GEN";"KN";"40"
"64000100";"ALEANTE 102 M900";"1";"1";"GEN";"L";"40"
"64000101";"ALEANTE 102 R98899";"1";"1";"GEN";"L";"40"
"000000000001";"DESTORNILLADOR PLANO ACERO 0,12 MM. 9992";"1";"1";"GEN";"UNID";"01"
"808080";"BIDE MODELO VERANO 88383";"1";"1";"0";"UNID";"87"
"000071";"CREMALLERA DIRECCION BOSH MOD.93939";"1";"1";"GEN";"UNID";"60"
"000128";"LADRILLO REFRACTARIO 12";"1";"1";"GEN";"UNID";"01"
"760000";"LADRILLO DE 12 CM";"1";"1";"GEN";"UNID";"10"
"300001";"ACETAMINOFEN 500 MG";"1";"1";"GEN";"UNID";"99"
"000125";"LAVABO MODELO DAMA 123/32";"1";"1";"GEN";"UNID";"87"
"000126";"BARREDERA FONDO PISCINA MOD. 23483";"1";"1";"GEN";"UNID";"99"
"000127";"BARREDERA FONDO PISCINA MOD. 21233232";"1";"1";"GEN";"UNID";"99"
"000129";"LINGOTE 204 6065";"1";"1";"GEN";"KN";"F01"
"000032";"SALCHICON GRANDE";"1";"1";"GEN";"UNID";"73"
"000036";"BOLSA MOD.939";"1";"1";"GEN";"UNID";"20"
"999994";"ENVASE PLASTICO 20 X 10";"1";"1";"GEN";"UNID";"98"
"999993";"PALET MADERA EUROPEO";"1";"1";"GEN";"UNID";"98"
"600820";"CIGALA 20";"1";"2";"GEN";"KN";"71"
"200400";"NECORA 1";"1";"2";"GEN";"KN";"71"
"200401";"NECORA 2";"1";"2";"GEN";"KN";"71"
"000074";"ALBACORA LOMO LIMPIO GRANDE";"1";"2";"GEN";"KN";"77"
"000075";"SAL";"1";"2";"GEN";"KN";"40"
"000076";"FUEL-OIL";"1";"1";"GEN";"L";"51"
"000077";"ENVASE OL-120 BLANCA";"1";"1";"GEN";"UNID";"98"
"000078";"FONDO OL-120 BLANCO";"1";"1";"GEN";"UNID";"98"
"000079";"ALBACORA";"1";"2";"PPV";"KN";"77"
"000081";"ALBACORA CABEZA LIMPIO GRANDE";"1";"2";"GEN";"KN";"77"
"000082";"ALBACORA COLAS LIMPIO GRANDE";"1";"2";"GEN";"KN";"77"
"000083";"LATA SE. BONITO ACEITE DE OLIVA";"1";"2";"PPF";"UNID";"78"
"64005001";"SE. BOBINA COBRE CDA 102";"1";"1";"GEN";"KN";"02"
"64010002";"PT. COBRE PLETINA 102 6,10 MT. * ,45";"1";"1";"GEN";"KN";"02"
"000093";"MERLUZA PINCHO 1";"1";"2";"PPV";"KN";"77"
"800200";"MORTADELA DAN EXTRA PIEZA 1 KG.";"2";"2";"GEN";"UNID";"74"
"800201";"PIERNA";"1";"2";"GEN";"KN";"P01"
"800202";"U.P. MORTADELA GRIFFITH";"1";"2";"GEN";"KN";"P01"
"800203";"PROTEINA PICOMPLEX";"1";"2";"GEN";"KN";"P01"
"800204";"PLASTICO FILM ORUFA FIBROSO 6S";"1";"2";"GEN";"ML";"98"
"0000000000002";"MADELMANMOD.9393";"1";"1";"GEN";"UNID";"99"
"000097";"SERVICIOS HONORARIOS ADUANAS";"1";"93";"GEN";"UNID";"85"
"000098";"COMIDA S93939";"1";"1";"GEN";"KN";"73"
"152912";"FANTA LIMON 33 CL.";"1";"2";"GEN";"UNID";"70"
"152913";"PEPSI COLA 33 CL.";"1";"2";"GEN";"UNID";"70"
"000101";"KISPIRONA EN TABLETAS 20 MG.";"1";"1";"GEN";"UNID";"F99"
"64010003";"23421";"1";"1";"GEN";"BARRA";"01"
"64010004";"2342";"1";"1";"GEN";"BARRA";"01"
"152911";"FANTA NARANJA 33 CL.";"1";"2";"GEN";"UNID";"70"
"000102";"NUEVO";"1";"2";"GEN";"UNID";"74"
"000103";"KISPIRONA TABLETA 20MG";"1";"1";"GEN";"UNID";"99"
"000104";"KISPIRONA TABLA 100 MG";"1";"1";"GEN";"UNID";"99"
"000105";"MARGARINA INDUSTRIAL SIGRA";"1";"1";"GEN";"KN";"78"
"000106";"ACEITE INDUSTRIAL SIGRA";"1";"1";"GEN";"KN";"72"
"000107";"MEZCLA  PARA MARGARINA SIGRA";"1";"1";"GEN";"KN";"P02"
"000108";"MEZCLA PARA ACEITE SIGRA";"1";"1";"GEN";"KN";"72"
"000109";"COLORANTE E204 SIGRA";"1";"1";"GEN";"KN";"99"
"000110";"ESENCIA 85858 SIGRA";"1";"1";"GEN";"KN";"99"
"000111";"SAL SIGRA";"1";"1";"GEN";"KN";"99"
"000112";"CONSERVANTE U8484 SIGRA";"1";"1";"GEN";"KN";"99"
"000113";"CAJA CARTON";"1";"1";"GEN";"UNID";"99"
"000114";"CINTA EMBALAR SIGRA";"1";"1";"GEN";"ML";"99"
"000115";"BOLSA EMBALAR SIGRA";"1";"1";"GEN";"ML";"99"
"888800";"ARALOX 24 MG";"1";"1";"0";"UNID";"01"
"888801";"ARALOX 30 MG";"1";"1";"0";"UNID";"01"
"000116";"PEGANTE  EMBALAR SIGRA";"1";"1";"GEN";"ML";"99"
"000117";"ETIQUETA EMBALAR SIGRA";"1";"1";"GEN";"ML";"99"
"000118";"FRASCO EMPAQUETAR SIGRA";"1";"1";"GEN";"UNID";"99"
"000119";"PALMA SIGRA";"1";"1";"GEN";"KN";"99"
"000120";"PALMISTE SIGRA";"1";"1";"GEN";"KN";"99"
"000121";"RODAMIENTO INDUSTRIAL. MOD. HL";"1";"1";"GEN";"UNID";"80"
"000131";"ALUMINIO EN CILINDRO LARGO";"1";"1";"GEN";"KN";"99"
"A001";"BALERO";"1";"1";"GEN";"UNID";"50"
"000130";"TORNILLO CEMENTOS SAN MARCOS";"1";"1";"GEN";"UNID";"50"
"000132";"CEMENTO GRANEL 20H";"1";"1";"GEN";"KN";"99"
"NACHO";"NACHO";"1";"1";"GEN";"BARRA";"01"
"310310";"MATERIA PRIMA ALUMINIO";"1";"1";"GEN";"KN";"40"
"000138";"HARINA";"1";"1";"GEN";"KN";"11"
"000133";"PLUMON NEGRO";"1";"1";"GEN";"UNID";"99"
"000134";"MATERIAL DE OFICINA";"1";"1";"GEN";"UNID";"99"
"000135";"MATERIAL RESPUESTOS";"1";"1";"GEN";"UNID";"99"
"000136";"SOSA";"1";"1";"GEN";"UNID";"99"
"000137";"ARTICULO IMPORTADO";"1";"1";"GEN";"UNID";"99"
"NAC001";"ARCILLA";"1";"1";"GEN";"KN";"40"
"E1";"IMPRESORAS HP INK TANK 315";"1";"1";"GEN";"UNID";"7"
"F1";"BROTHER FAX-T104 DE TRANSFERENCIA TÉRMICA";"1";"1";"GEN";"UNID";"8"
"OM1";"ORDENADORES DE MESA ALL IN ONE 23.8 PULG";"1";"1";"GEN";"UNID";"9"
"P1";"PORTATILES HP LAPTOP 6QW66LA";"1";"1";"GEN";"UNID";"10"
"T1";"TABLETS HUAWEI MEDIAPAD T5";"1";"1";"GEN";"UNID";"11"
"E&P1";"E-BOOKS Y PDAS";"1";"1";"GEN";"UNID";"12"
"TM1";"TELÉFONOS MÓVILES HUAWEI P40 LITE";"1";"1";"GEN";"UNID";"13"
"AR1";"ARCILLA";"1";"1";"GEN";"KN";"1"
"C1";"CAL";"1";"1";"GEN";"KN";"2"
"CA1";"CAOLIN";"1";"1";"GEN";"KN";"14"
"MM1";"MONTMORILLONITA";"1";"1";"GEN";"KN";"15"
"545454";"ARCILLA LSF  CALIBRE 034";"1";"1";"GEN";"KN";"40"
"001";"ARCILLA ROJA";"2";"1";"PPF";"PALET";"1"
"002";"CAL";"2";"1";"GEN";"PALET";"1"
"003";"PRODUCTOS QUIMICOS";"1";"1";"GEN";"CAJA";"1"
"004";"REPUESTOS EQUIPOS INFORMATICOS";"1";"1";"GEN";"EST";"1"
"005";"SERVICIO DE LIMPIEZA";"1";"1";"GEN";"M2";"1"
"006";"TORNILLOS";"1";"1";"GEN";"CAJA";"1"
"18548";"MONITOR 7 '";"1";"1";"GEN";"CAJA";"3"
"15214631";"LADRILLO";"1";"1";"GEN";"CAJA";"4"
"12121";"LAVADORA SIEMENS";"1";"1";"GEN";"CAJA";"1"
"155115";"FRIGORICO BOSH";"1";"1";"GEN";"CAJA";"1"
"5612154";"CABLE DE RED";"1";"1";"GEN";"CAJA";"2"
"004";"ARCILLA";"1";"2";"GEN";"KN";"330"
"007";"HERRAMIENTAS";"1";"1";"GEN";"PIEZA";"1"
"008";"PALET";"1";"1";"GEN";"PALET";"1"
"M1";"LAVAJILLAS 525 XW";"1";"1";"GEN";"PIEZA";"2"
"M2";"LAVADORA RS 231";"1";"1";"GEN";"PIEZA";"2"
"M3";"SAMSUNG 50";"1";"1";"0";"PIEZA";"2"
"M4";"PORTATIL LENOVO XF 123";"1";"1";"0";"PIEZA";"2"
"AATT03";"Bolígrafo";"1";"1";"GEN";"UNID";"RM"
"IND0001";"CAMISETA MUJER";"1";"1";"GEN";"UNID";"0101"
"IND0002";"CAMISETA HOMBRE";"1";"1";"GEN";"UNID";"0101"
"ARCILLA";"ARCILLA";"1";"1";"GEN";"KN";"40"
"CAL";"CAL";"1";"1";"GEN";"KN";"40"
"LADRILLO_A";"LADRILLO MODELO A";"1";"1";"PROD";"CAJA";"50"
"ILL1";"ILLITA";"1";"1";"GEN";"KN";"16"
"AG1";"AGLOMERADO";"1";"1";"GEN";"KN";"3"
"000002";"Frigorífico Table Top";"1";"1";"GEN";"UNID";"3"
"000003";"Frigorífico T23";"1";"1";"GEN";"UNID";"3"
"000000001";"REFRIGERADOR WHIRPOOL";"1";"1";"GEN";"UNID";"REF"
"000000002";"REFRIGERADOR SAMSUNG";"1";"1";"GEN";"UNID";"REF"
"000000003";"LAVADORA SAMSUNG";"1";"1";"GEN";"UNID";"LAV"
"000001";"Monitor Samsung 24''";"1";"1";"GEN";"UNID";"2"
"000004";"Monitor Samsung 26'";"1";"1";"GEN";"UNID";"2"
"000005";"Frigorífico M11";"1";"1";"GEN";"UNID";"3"
"005";"LADRILLO";"1";"1";"GEN";"UNID";"330"
"006";"CABLE DE RED 2M";"1";"1";"GEN";"UNID";"0010"
"MMPP01";"Algodón";"1";"1";"GEN";"KB";"RM"
"MMPP02";"Poliéster";"2";"1";"GEN";"KB";"RH"
"AATT01";"Bolígrafo (inactivo)";"1";"1";"GEN";"M2";"RH"
"AATT02";"Grapadora";"1";"1";"GEN";"M2";"RM"
"PPTT01";"Camiseta";"1";"1";"GEN";"PALET";"RN"
"PPTT02";"Pantalón";"2";"1";"GEN";"PIEZA";"RB"
"TORNILLO_A";"TORNILLO TIPO A";"1";"1";"GEN";"EST";"60"
"TORNILLO_B";"TORNILLO TIPO B";"1";"1";"GEN";"EST";"60"
"00011";"COCA COLA 1L.";"1";"1";"0";"UNID";"0105"
"131313";"ARTICULO CARLA";"2";"ECB51";"0";"UNID";"71"
"000006";"Arcilla";"1";"1";"GEN";"KN";"40"
"000000008";"LAVADORA WHIRPOOL";"1";"1";"GEN";"UNID";"LAV"
"000000009";"COCINA INTEGRAL";"1";"1";"GEN";"UNID";"COI"
"ARC";"ARCILLA ROJA";"1";"1";"GEN";"KN";"1"
"07";"LAVARROPAS SAMSUNG 6KG";"1";"1";"CL1";"UNID";"07"
"08";"HELADERA PHILLIPS 20LT.";"1";"1";"CL1";"UNID";"07"
"09";"BOLSA DE ARENA 10KG";"1";"1";"GEN";"SACO";"06"
"10";"BOLSA DE CAL 10KG";"1";"1";"GEN";"SACO";"06"
"11";"DESTORNILLADOR SET 12 PIEZAS";"1";"1";"GEN";"UNID";"08"
"12";"SIERRA DE BANCO PROFESIONAL";"1";"1";"GEN";"UNID";"08"
"13";"HELADERA SAMSUNG 15LT.";"1";"1";"CL1";"UNID";"07"
"00001";"Articulo1";"1";"1";"GEN";"UNID";"01"
"000008";"FRIGORÍFICO COMBI HISENSE RS650N4AC2";"1";"1";"CL1";"UNID";"02"
"0001";"ARTICULO DE TEXTO";"1";"1";"GEN";"UNID";"03"
"00011";"REPUESTOS MAQUINARIA";"1";"1";"GEN";"UNID";"6"
"000001";"TEST";"1";"1";"GEN";"BARRA";"01"
"000000";"TEST";"1";"1";"GEN";"UNID";"40"
"012345";"PORTATILES";"1";"1";"GEN";"UNID";"61"
"14";"LAVARROPAS PHILLIPS 8KG";"1";"1";"CL1";"UNID";"07"
"0031";"PINTURA NEGRA PARA CUERO PORCINO";"1";"1";"NAC";"UNID";"40.300"
"0032";"REMACHES DORADOS X 100";"1";"1";"NAC";"UNID";"40.100"
"0033";"HEBILLAS VARIAS DORADAS";"1";"1";"NAC";"UNID";"40.200"
"11111";"ARCHIVADORES COMPACTOS 34 ANILLAS";"1";"1";"0";"UNID";"0105"
"MS001";"ESTE ES UN ARTIUCLO DE PRUEBA MILA";"1";"1";"GEN";"UNID";"40"
"%1%";"";"1";"4";"GEN";"UNID";"01"
"000000004";"ARCILLA PREMIUM";"2";"1";"GEN";"SACO";"MTP"
"000000005";"LAZO";"1";"1";"GEN";"ML";"MTA"
"000000006";"LADRILLO ROJO";"1";"1";"GEN";"UNID";"PTE"
"000000007";"REFACCION DE HORNO";"1";"1";"GEN";"UNID";"REQ"
"000000011";"SERVICIO DE MANTENIMIENTO";"1";"1";"GEN";"UNID";"SER"
"LADRILLO 2";"LADRILLO TIPO 2";"1";"1";"GEN";"PALET";"1"
"0030";"BOTONES BAHIA";"1";"1";"GEN";"UNID";"40.500"
"0002";"TELEVISOR SAMSUNG 75''";"1";"1";"0";"CAJA";"0102"
"LADRILLO_B";"LADRILLO MODELO B";"1";"1";"PROD";"CAJA";"50"
"M5";"IPAD 5 64 GB";"1";"1";"0";"PIEZA";"2"
"R1";"AIRBUS 3000  AXF";"1";"1";"GEN";"PIEZA";"2"
"R2";"AIR 300 XJ";"1";"1";"GEN";"PIEZA";"2"
"R3";"HARLEY DAIVISON 1920 HF 3";"1";"1";"GEN";"PIEZA";"2"
"R4";"YAMAHA 250 HW 1100";"1";"1";"GEN";"PIEZA";"2"
"R5";"BMW X2 250XDRIVE";"1";"1";"GEN";"PIEZA";"2"
"AR01";"ARCILLA GENERICA";"1";"1";"GEN";"KN";"01"
"H001";"HORMIGON";"1";"1";"GEN";"KN";"01"
"CA01";"CAL";"1";"1";"GEN";"KN";"01"
"RD02";"RADIADOR AIRE";"1";"1";"GEN";"UNID";"02"
"NM03";"NEUMATICO SPORT";"1";"1";"GEN";"UNID";"11"
"PT01";"LADRILLO";"1";"1";"GEN";"UNID";"03"
"0100";"ARCILLA";"1";"1";"GEN";"KN";"01"
"0101";"CAL";"1";"1";"GEN";"KN";"01"
"0200";"LADRILLO MODELO A";"1";"1";"GEN";"UNID";"01"
"00004";"CABLE ELÉCTRICO LEXMAN H07VZ1 NEGRO 6 mm² 50 m";"1";"1";"GEN";"ML";"1"
"00005";"CABLE ELÉCTRICO TRIFÁCIL LEXMAN 3x2,5 mm² 25 m";"1";"1";"GEN";"ML";"1"
"00025";"PIF";"1";"1";"GEN";"UNID";"4"
"0001";"PRUEBA";"1";"1";"GEN";"UNID";"01"
"000000012";"LIMON";"1";"1";"GEN";"KB";"MTP"
"000000013";"SALMON";"1";"1";"GEN";"KB";"MTP"
"FR01";"DISCO DE FRENO";"1";"1";"GEN";"UNID";"14"
"LMB1";"LADRILLO MODELO B";"1";"1";"GEN";"UNID";"5"
"LMA1";"LADRILLO MODELO A";"1";"1";"GEN";"UNID";"4"
"ART1";"PROCESADOR";"1";"1";"GEN";"UNID";"02"
"000006";"TEXTO (NO MUEVE STOCK)/APLICACIONES INFORMÁTICAS";"1";"1";"GEN";"UNID";"99"
"SMSG001";"Samsung Flat 4K UHD 7 Series Smart TV 2019 65''";"1";"1";"GEN";"UNID";"21"
"BOSE001";"Bose SoundTouch 30 Series III";"1";"1";"GEN";"UNID";"23"
"PCAW01";"Alienware M15-8th Gen Intel Core i7-8750H ";"1";"1";"GEN";"UNID";"22"
"PS4001";"PlayStation 4 Slim 1TB Console";"1";"1";"GEN";"UNID";"24"
"ART2";"MICROONDAS";"1";"1";"GEN";"UNID";"02"
"ART3";"REFRIGERADOR";"1";"1";"GEN";"UNID";"02"
"MP1";"ARCILLA";"1";"1";"GEN";"KN";"01"
"MP2";"CAL";"1";"1";"GEN";"KN";"01"
"NV02";"NAVEGADOR TACTIL";"1";"1";"GEN";"UNID";"12"
"001";"PANTALLA HD 23''";"1";"1";"GEN";"UNID";"0011"
"002";"PC SOBREMESA";"1";"1";"GEN";"UNID";"0011"
"003";"TECLADO Y RATÓN";"1";"1";"GEN";"UNID";"0011"
"TABLETA2";"TABLETA TIPO 2";"1";"1";"GEN";"UNID";"4"
"0041";"MASA PARA CHORIZO";"1";"1";"GEN";"KN";"902"
"TABLETA1";"TABLETA TIPO 1";"1";"1";"GEN";"UNID";"4"
"COMPUTADORA1";"COMPUTADORA TIPO 1";"1";"1";"GEN";"UNID";"3"
"ARCILLA";"ARCILLA TIPO 1";"1";"1";"GEN";"SACO";"1"
"LADRILLO 1";"LADRILLO TIPO 1";"1";"1";"GEN";"PALET";"1"
"0042";"MASA PARA HAMBURGUESAS";"1";"1";"GEN";"KN";"901"
"0052";"CHORIZO";"1";"1";"GEN";"KN";"902"
"0043";"RECORTES PORCINO";"1";"1";"GEN";"KN";"901"
"01";"CAL";"1";"1";"GEN";"KN";"P01"
"02";"TV SAMSUNG";"1";"1";"GEN";"UNID";"P02"
"03";"ESTUFA LG";"1";"1";"GEN";"UNID";"P02"
"04";"E-BOOKS Y PDAS";"1";"1";"GEN";"UNID";"P02"
"05";"LADRILLO ESTANDAR";"1";"1";"GEN";"UNID";"P07"
"06";"LADRILLO PERFORADO";"1";"1";"GEN";"UNID";"P07"
"351635";"MICROONDAS";"1";"1";"GEN";"UNID";"1"
"00020";"GASTOS FIJOS";"1";"1";"GEN";"UNID";"4"
"00021";"ARANCELES";"1";"1";"GEN";"UNID";"4"
"00022";"GASTOS FINANCIEROS";"1";"1";"GEN";"UNID";"4"
"00015";"FLETE";"1";"1";"GEN";"UNID";"4"
"01";"ARCILLA ROJA BÁSICA";"1";"1";"GEN";"KN";"1"
"02";"ARCILLA MEGA ARCILLOSA";"1";"1";"GEN";"KN";"1"
"03";"CAL TRADICIONAL";"1";"1";"GEN";"KN";"1"
"04";"CEMENTO GRIS";"1";"1";"GEN";"KN";"1"
"05";"LADRILLOS PARNASO";"2";"1";"GEN";"UNID";"4"
"06";"LADRILLOS RASO";"2";"1";"GEN";"UNID";"4"
"07";"IMPRESORA CALIDAD PRO";"1";"1";"GEN";"UNID";"22"
"08";"LAPTOP LENOVO";"1";"1";"GEN";"UNID";"20"
"07";"LADRILLO GRANDE";"1";"1";"GEN";"UNID";"P07"
"00016";"TRANSPORTE";"1";"1";"GEN";"UNID";"4"
"00017";"SANIDAD";"1";"1";"GEN";"UNID";"4"
"00018";"DESPACHO";"1";"1";"GEN";"UNID";"4"
"00019";"DEMORA";"1";"1";"GEN";"UNID";"4"
"00023";"GASTOS INSPECCION";"1";"1";"GEN";"UNID";"4"
"MP002";"Caolin 5.0";"1";"1";"GEN";"KN";"10"
"GEST";"GASTOS GESTORIA";"1";"1";"GEN";"UNID";"20"
"CAT";"CATALIZADOR TITANIO";"1";"1";"GEN";"UNID";"13"
"NM06";"NEUMATICO LLUVIA";"1";"1";"GEN";"UNID";"11"
"MP001";"Arcilla 3W. 001";"1";"1";"GEN";"KN";"10"
"MP003";"Hormigon Plus 50N";"1";"1";"GEN";"KN";"10"
"LT001";"Bloque Perforado Vertical 33x11.5x23 7.8k 12.25u/m2";"1";"1";"GEN";"UNID";"90"
"LT002";"Ladrillo refractario 24x12,5x6,5 3 kilos 36u/m2 1400c";"1";"1";"GEN";"UNID";"90"
"LT003";"Portante prensado 29 x 14,5 x 9 cm";"1";"1";"GEN";"UNID";"90"
"E_LAVD";"LAVADORA";"1";"1";"CL1";"UNID";"2"
"E_SECD";"SECADORA";"1";"1";"CL1";"UNID";"2"
"000005";"MINI ORDENADOR ASUS VIVOMINI UN42";"1";"1";"CL1";"UNID";"02"
"00012";"LADRILLO FABRICADO POR MI EMPRESA";"1";"1";"GEN";"UNID";"3"
"0010";"LADRILLO USABRICK 9H 23X11X11 (USA)";"1";"1";"GEN";"UNID";"5"
"000009";"ARCILLA ROJA";"1";"1";"GEN";"KN";"01"
"000010";"PALET";"1";"1";"GEN";"UNID";"01"
"0034";"COMPRA INSUMOS VARIOS";"1";"1";"GEN";"CAJA";"40.300"
"00005";"PRUEBA";"2";"1";"GEN";"UNID";"1.1"
"00014";"ARTICULO EJEMPLO";"1";"1";"GEN";"UNID";"2"
"00024";"NAVIERA";"1";"1";"GEN";"UNID";"4"
"S002";"FLETES";"1";"1";"GEN";"UNID";"6"
"00007";"ARTÍCULO TEXTO";"1";"1";"GEN";"UNID";"4"
"00009";"ARCILLA BLANCA 250G";"1";"1";"GEN";"UNID";"2"
"00010";"ARCILLA BLANCA 500G";"1";"1";"GEN";"UNID";"2"
"810001";"BOLSA PLASTICA 20 X 20";"1";"1";"GEN";"UNID";"01"
"810002";"BOLSA PLASTICA 20 X 30";"1";"1";"GEN";"UNID";"01"
"0051";"HAMBURGUESA";"1";"1";"GEN";"KN";"901"
"810003";"BOLSA PLASTICA 20 X 50";"1";"1";"GEN";"UNID";"01"
"810000";"ESTRUCTURA 20+ 30+ 50";"1";"1";"GEN";"UNID";"01"
"0002";"CAOLIN (ARCILLA BLANCA) TB 1KG";"1";"1";"GEN";"KN";"01"
"0009";"CAJA GAMBA 2KG";"2";"1";"GEN";"KN";"0"
"0003";"TANQUE DE AGUA DE 10000 LITROS";"1";"3";"GEN";"L";"01"
"0004";"LADRILLO HUECO DOBLE TRINCOTE 25X12X9";"1";"1";"GEN";"UNID";"01"
"0005";"MIELE LAVADORA WC320 POWERWASH AND 8KG";"1";"1";"GEN";"UNID";"02"
"0006";"AMASADORA BATIDORA INDUSTRIAL DE 30 LITROS MALKA";"1";"1";"GEN";"UNID";"02"
"00013";"ARTÍCULO CAMBIOS DE SITUACION";"1";"1";"GEN";"UNID";"2"
"0011";"BLOQUE USABRICK HORMIGON CEL 20x25x62,5";"1";"1";"GEN";"UNID";"5"
"0007";"FLETE";"1";"1";"GEN";"UNID";"03"
"0008";"TRANSPORTE";"1";"1";"GEN";"UNID";"03"
"000012";"ÓXIDO DE HIERRO";"1";"1";"GEN";"KN";"01"
"001078";"ENVASE PLASTICO";"1";"1";"GEN";"UNID";"98"
"0002";"LADRILLO ARC. 9 SOLIDO 25x12x6,5";"1";"1";"GEN";"UNID";"0"
"0003";"BLOQUE HORMIGON CELULAR 20x25x62,5";"1";"1";"GEN";"UNID";"0"
"0004";"MORTERO COLA HORMIGON CELULAR 1KG";"1";"1";"GEN";"KN";"4"
"0005";"ARCILLA ROJA";"1";"1";"GEN";"KN";"4"
"0009";"SANIDAD";"1";"1";"GEN";"UNID";"03"
"000011";"LADRILLOS";"1";"1";"GEN";"UNID";"01"
"0010";"DESPACHO";"1";"1";"GEN";"UNID";"03"
"0011";"DEMORA";"1";"1";"GEN";"UNID";"03"
"0012";"GASTOS FIJOS";"1";"1";"GEN";"UNID";"03"
"0001";"LADRILLO ARC. 9 HUECOS 23x11x11";"1";"1";"GEN";"UNID";"0"
"000001";"TEXTO (NO MUEVE STOCK) / SERVICIOS GENERALES";"1";"93";"GEN";"UNID";"99"
"000002";"ARRENDAMIENTO LOCAL";"1";"94";"GEN";"UNID";"99"
"000003";"TEXTO (NO MUEVE STOCK)/ EQUIPOS PROCESOS INFORMACIÓN";"1";"1";"GEN";"UNID";"99"
"0006";"ANTENA ELLIPSE TELEVES";"1";"1";"GEN";"UNID";"1"
"0007";"ANTENA PARABOLICA L/D 1300 TELEVES";"1";"1";"GEN";"UNID";"1"
"0008";"ARTICULO TEXTO MATERIA PRIMA";"1";"1";"GEN";"KN";"4"
"0091";"ACEITE 40W CEPSA LATA 5L";"1";"1";"GEN";"L";"P03"
"0092";"BUJIA 12";"1";"1";"GEN";"UNID";"P03"
"0093";"RODAMIENTO INDUSTRIAL";"1";"1";"GEN";"UNID";"P03"
"0013";"ARANCELES";"1";"1";"GEN";"UNID";"03"
"0014";"GASTOS FINANCIEROS";"1";"1";"GEN";"UNID";"03"
"00001";"LADRILLO HUECO 4x33CM ROJO";"1";"1";"GEN";"UNID";"2"
"0015";"GASTOS INSPECCION";"1";"1";"GEN";"UNID";"03"
"00002";"LADRILLO BOVEDILLA 23x80CM ROJO";"1";"1";"GEN";"UNID";"2"
"00003";"LADRILLO PANAL 15x25CM ROJO";"1";"1";"GEN";"UNID";"2"
"000004";"FRIGORÍFICO COMBI HISENSE RS650N4AC2 (old)(NO UTILIZAR)";"1";"1";"CL1";"UNID";"02"
"000007";"TEXTO (NO MUEVE STOCK) / GASTOS TRANSPORTE";"1";"93";"GEN";"UNID";"99"
"0016";"NAVIERA";"1";"1";"GEN";"UNID";"03"
"0017";"PIF";"1";"1";"GEN";"UNID";"03"
"S001";"SERVICIOS DE TRANSPORTE";"1";"1";"GEN";"UNID";"6"
"0001";"ETIQUETA BANDEJA";"1";"1";"GEN";"UNID";"101"
"0002";"ETIQUETA CAJA";"1";"1";"GEN";"UNID";"101"
"0010";"BANDEJA BLANCA";"1";"1";"GEN";"UNID";"102"
"0020";"E-330";"1";"1";"GEN";"KN";"301"
"0021";"COLARANTE";"1";"1";"GEN";"KN";"302"
"0031";"MAGRO PORCINO CONGELADO";"1";"1";"GEN";"KN";"201"
"0032";"MAGRO VACUNO";"1";"1";"GEN";"KN";"202"
"0033";"TOCINO PORCINO";"1";"1";"GEN";"KN";"202"
"0034";"PAN RALLADO";"1";"1";"GEN";"KN";"303"
"0035";"TRIPA";"1";"1";"GEN";"KN";"202"
"010001";"ARCILLA";"1";"1";"GEN";"KB";"01"
"010002";"ARENA";"1";"1";"GEN";"KB";"01"
"050001";"LADRILLOS GRANEL";"1";"3";"GEN";"M3";"05"
"040001";"TELEVISOR SAMSUNG 32"" ABCDEF";"1";"2";"GEN";"UNID";"04"
"040002";"MONITOR SAMSUNG 24"" ABCDEF";"1";"1";"GEN";"UNID";"04"
"040003";"TV SMART SAMSUNG 24"" ABCDEF";"1";"1";"GEN";"UNID";"04"
"030001";"HORNO COCCION LADRILLOS";"1";"2";"GEN";"UNID";"03"
"01";"ARCILLA (5 kg)";"2";"1";"GEN";"SACO";"01"
"01";"ARENA";"1";"1";"GEN";"KB";"3"
"02";"CEMENTO";"1";"1";"GEN";"BOLSA";"3"
"03";"ARCILLA";"1";"1";"GEN";"BOLSA";"3"
"04";"SILICE";"1";"1";"GEN";"BOLSA";"3"
"05";"MOLDES";"1";"1";"GEN";"BOLSA";"3"
"0201";"LADRILLO MODELO B";"1";"1";"GEN";"UNID";"01"
"0300";"MOTOR EJEMPLO 1";"1";"1";"GEN";"UNID";"02"
"0301";"MOTOR EJEMPLO 2";"1";"1";"GEN";"UNID";"02"
"0500";"AVION ESTANDAR FIJO";"1";"1";"GEN";"UNID";"02"
"0501";"AVION ESTANDAR GRANDE";"1";"1";"GEN";"UNID";"02"
"0800";"TV 49 PULGADAS FHD";"1";"1";"GEN";"UNID";"02"
"0900";"COCINA INDURAMA 4 QUEMADORES";"1";"1";"GEN";"UNID";"02"
"0007";"FLETE";"1";"1";"GEN";"UNID";"03"
"0008";"TRANSPORTE";"1";"1";"GEN";"UNID";"03"
"0009";"SANIDAD";"1";"1";"GEN";"UNID";"03"
"0010";"DESPACHO";"1";"1";"GEN";"UNID";"03"
"0011";"DEMORA";"1";"1";"GEN";"UNID";"03"
"0012";"GASTOS FIJOS";"1";"1";"GEN";"UNID";"03"
"0013";"ARANCELES";"1";"1";"GEN";"UNID";"03"
"0014";"GASTOS FINANCIEROS";"1";"1";"GEN";"UNID";"03"
"0015";"GASTOS INSPECCION";"1";"1";"GEN";"UNID";"03"
"0016";"NAVIERA";"1";"1";"GEN";"UNID";"03"
"0017";"PIF";"1";"1";"GEN";"UNID";"03"
"1001";"REPUESTO ELISE AVION ESTANDAR FIJO";"1";"1";"GEN";"UNID";"02"
"888820";"JANUMET 50MG/1000MG 196 TABLETS ALEMANIA";"2";"1";"GEN";"BLI";"40"
"888821";"JANUMET 50MG/1000MG 28 TABLETS RUMANIA";"2";"1";"GEN";"BLI";"40"
"888829";"JANUMET MELYFARMA 50MG/1000MG 56 COMP";"1";"1";"GEN";"CAJA";"40"
"888890";"PROSPECTO 50MG/1000MG MELYFARMA";"1";"1";"GEN";"UNID";"40"
"888891";"ETIQUETA MELYFARMA 50MG/1000MG";"1";"1";"GEN";"UNID";"40"
"00002";"TOSTADORA FAGOR MOD 1";"1";"1";"GEN";"UNID";"101001"
"01";"ARCILLA";"1";"1";"GEN";"KN";"01"
"02";"CAL";"1";"1";"GEN";"KN";"01"
"03";"CEMENTO";"1";"1";"GEN";"L";"01"
"04";"LADRILLO";"1";"1";"GEN";"UNID";"03"
"14";"TUERCA";"1";"1";"GEN";"KN";"03"
"00004";"BATIDORA PHILPS 600W RDL";"1";"1";"GEN";"UNID";"10100301"
"00005";"BATIDORA PHILIPS 800W RML";"1";"1";"GEN";"UNID";"10100301"
"00006";"BATIDORA BRAUN 600W OL";"1";"1";"GEN";"UNID";"10100301"
"00007";"BATIDORA BRAUN 1200W SP";"1";"1";"GEN";"UNID";"10100301"
"00008";"BATIDORA BECKEN 800W JARRA XW";"1";"1";"GEN";"UNID";"10100302"
"11";"MOTOR";"1";"1";"GEN";"PIEZA";"3"
"COCINA001";"Conjunto Horno Multifunción y Placa Vitrocerámica";"1";"1";"GEN";"UNID";"10"
"COCINA002";"Encimera Flexinducción";"1";"1";"GEN";"UNID";"10"
"FRIGO001";"Frigorífico 2 Puertas 144x54cm";"1";"1";"GEN";"UNID";"25"
"FRIGO002";"Congelador (ARCON)";"1";"1";"GEN";"UNID";"20"
"LAVAD001";"Bolero DressCode 12600 Inverter 12KG";"1";"1";"GEN";"UNID";"35"
"LAVAD002";"Lavadora 10 Kg A+++ Eficiencia B 1400 RPM 85 x 60 cm";"1";"1";"GEN";"UNID";"30"
"02";"CAL (10 kg)";"2";"1";"GEN";"SACO";"01"
"03";"AGLOMERADO";"2";"1";"GEN";"M2";"01"
"04";"LADRILLO LIGERO";"1";"1";"GEN";"UNID";"01"
"05";"LADRILLO CÁÑAMO";"1";"1";"GEN";"UNID";"01"
"06";"MICROONDAS";"2";"1";"GEN";"UNID";"02"
"07";"lavadora";"1";"1";"GEN";"UNID";"02"
"1";"ARCILLA";"2";"1";"GEN";"KB";"1"
"2";"CAL";"1";"1";"GEN";"SACO";"1"
"3";"AGLOMERADOS";"1";"1";"GEN";"M2";"1"
"4";"LADRILLO HUECO";"1";"1";"GEN";"M2";"1"
"5";"LADRILLOS RETAK";"1";"1";"GEN";"M2";"1"
"6";"MICROONDAS**NO USAR";"1";"1";"GEN";"KN";"2"
"7";"FIGORÍFICO*NO USAR";"1";"1";"GEN";"KB";"2"
"08";"FRIGORÍFICO";"1";"1";"GEN";"UNID";"02"
"8";"VITROCERÁMICA*NO USAR";"1";"1";"GEN";"KB";"2"
"09";"VITROCERÁMICA";"2";"1";"GEN";"UNID";"02"
"9";"LAVADORA*NO USAR";"1";"1";"GEN";"KB";"2"
"10";"HÉLICE DE AVIÓN";"1";"1";"GEN";"PIEZA";"03"
"10";"HÉLICE";"1";"1";"GEN";"PIEZA";"3"
"990001";"SERVICIOS DE FUMIGACION";"1";"1";"GEN";"UNID";"02"
"990002";"SERVICIOS DE LIMPIEZA";"1";"1";"GEN";"UNID";"02"
"05";"NOTARÍA";"1";"1";"GEN";"UNID";"02"
"06";"TORNILLOS";"1";"1";"GEN";"UNID";"07"
"07";"LUZ Y CALEFACCIÓN";"1";"1";"GEN";"UNID";"02"
"08";"MESA";"1";"1";"GEN";"UNID";"08"
"09";"SILLAS";"1";"1";"GEN";"UNID";"08"
"10";"ARMARIO";"1";"1";"GEN";"UNID";"08"
"11";"ORDENADOR";"1";"1";"GEN";"UNID";"09"
"12";"RATON";"1";"1";"GEN";"UNID";"09"
"13";"MONITOR";"1";"1";"GEN";"UNID";"09"
"00003";"FREIDORA BECKEN 3l";"1";"1";"GEN";"UNID";"101002"
"0001";"ALGODON NEGRA 20M";"1";"1";"GEN";"PIEZA";"T001"
"03";"RODAMIENTOS";"1";"1";"GEN";"UNID";"09"
"04";"CAUCHO";"1";"1";"GEN";"M2";"01"
"01";"TRANSFORMADOR";"1";"1";"CL1";"UNID";"09"
"02";"ARCILLA";"1";"1";"GEN";"KN";"01"
"05";"INTERNET";"1";"1";"GEN";"UNID";"02"
"06";"HERRAMIENTAS";"1";"1";"GEN";"UNID";"07"
"07";"ASESORÍA";"1";"1";"GEN";"UNID";"02"
"06";"ARCILLA LSF CALIBRE 34";"1";"1";"GEN";"KN";"3"
"0002";"ALGODON ROJO 20M";"1";"1";"GEN";"PIEZA";"CR01"
"0003";"GOMA NEGRA 5";"1";"1";"GEN";"KN";"CLR"
"001";"ARENA";"1";"1";"GEN";"KN";"01"
"002";"GRAVA";"1";"1";"GEN";"KN";"02"
"003";"GRAVILLA";"1";"1";"GEN";"KN";"03"
"11";"MOTOR AVION";"1";"1";"GEN";"PIEZA";"03"
"12";"TIMÓN";"1";"1";"GEN";"PIEZA";"03"
"01";"LAVADORAS";"1";"1";"GEN";"UNID";"01"
"02";"FRIGORIFICO (NO USAR)";"1";"1";"GEN";"UNID";"01"
"03";"MICROONDAS";"1";"1";"GEN";"UNID";"01"
"04";"LAVAPLATOS";"1";"1";"GEN";"UNID";"01"
"1";"ARCILLA";"2";"1";"GEN";"SACO";"1"
"2";"CAL (5kg)";"2";"1";"GEN";"SACO";"1"
"3";"AGLOMERADO";"2";"1";"GEN";"M2";"1"
"4";"LADRILLO HUECO";"2";"1";"GEN";"UNID";"1"
"5";"LADRILLO TEJAR";"2";"1";"GEN";"UNID";"1"
"6";"MICROONDAS";"2";"1";"GEN";"UNID";"2"
"7";"FRIGORÍFICO";"2";"1";"GEN";"UNID";"2"
"12";"TIMÓN";"1";"1";"GEN";"PIEZA";"3"
"05";"MOTOR";"1";"1";"GEN";"PIEZA";"02"
"06";"HELICES";"1";"1";"GEN";"PIEZA";"02"
"07";"TIMON";"1";"1";"GEN";"PIEZA";"02"
"08";"PUMBA";"1";"1";"GEN";"PIEZA";"02"
"09";"ARCILLA (20 Kg)";"1";"1";"GEN";"SACO";"03"
"10";"CAL (10 Kg)";"1";"1";"GEN";"BOLSA";"03"
"11";"AGLOMERADO";"1";"1";"GEN";"M2";"03"
"12";"LADRILLO HUECO";"1";"1";"GEN";"UNID";"03"
"13";"SECADORA";"1";"1";"GEN";"UNID";"2"
"14";"HORNO";"1";"1";"GEN";"UNID";"2"
"15";"PROGRAMA SOFTWARE";"1";"1";"GEN";"UNID";"4"
"16";"ARCILLA BLANCA";"1";"1";"GEN";"SACO";"1"
"8";"VITROCERÁMICA";"2";"1";"GEN";"UNID";"2"
"9";"HÉLICE";"2";"1";"GEN";"PIEZA";"3"
"10";"MOTOR";"2";"1";"GEN";"PIEZA";"3"
"11";"TIMÓN";"2";"1";"GEN";"PIEZA";"3"
"14";"LAVAVAJILLAS";"2";"1";"GEN";"UNID";"2"
"1";"CABLE CARGADOR";"1";"1";"GEN";"UNID";"1"
"2";"LLANTA";"1";"1";"GEN";"UNID";"2"
"3";"NEUMATICO";"1";"1";"GEN";"UNID";"2"
"13";"MANUAL USO ELECTRODOMÉSTICOS pdf";"1";"1";"GEN";"UNID";"02"
"12";"ARENILLA";"2";"1";"GEN";"KN";"1"
"13";"LADRILLO MACIZO";"2";"1";"GEN";"UNID";"1"
"00016";"AIR NAVIGATION PRO";"1";"1";"GEN";"UNID";"203001"
"15";"LICENCIA CALIDAD MOTORES";"1";"1";"GEN";"UNID";"3"
"00009";"HELICES AERONAVE 3M";"1";"1";"GEN";"UNID";"201001"
"00010";"HELICES AERONAVE 4M";"1";"1";"GEN";"UNID";"201002"
"00011";"CARBURADOR AERONAV 4DL";"1";"1";"GEN";"UNID";"202001"
"00012";"CARBURADOR AERONAV 5DL";"1";"1";"GEN";"UNID";"202002"
"00013";"LADRILLO VISTO";"1";"2";"GEN";"UNID";"301001"
"00014";"LADRILLO MACHETON 25";"1";"2";"GEN";"UNID";"301002"
"00015";"ARCILLA";"1";"4";"GEN";"M3";"302001"
"17";"FRIGO BALAY";"1";"1";"GEN";"UNID";"2"
"18";"HELICE DE PASO FIJO";"1";"1";"GEN";"UNID";"3"
"00017";"NAVIGATION TRAINER";"1";"1";"GEN";"UNID";"203002"
"00018";"SERVICIOS VARIOS IVA NORMAL";"1";"1";"GEN";"UNID";"99"
"15";"HORNO CONVENCIONAL";"1";"1";"GEN";"UNID";"01"
"16";"ITV";"1";"1";"GEN";"UNID";"4"
"17";"TV";"1";"1";"GEN";"UNID";"2"
"4";"CABLEADO ORDENADOR CENTRAL";"1";"1";"GEN";"UNID";"1"
"5";"CABLEADO MANDOS CONDUCTOR";"1";"1";"GEN";"UNID";"1"
"6";"CABLEADO PUERTAS AUTOMÁTICAS";"1";"1";"GEN";"UNID";"1"
"7";"CABLEADO ILUMINACIÓN";"1";"1";"GEN";"UNID";"1"
"8";"CABLEADO MOTOR";"1";"1";"GEN";"UNID";"1"
"9";"TAPACUBO AERODINÁMICO";"1";"1";"GEN";"UNID";"2"
"10";"EMBELLECEDOR 4 TUERCAS";"1";"1";"GEN";"UNID";"2"
"11";"TUERCAS 4";"2";"1";"GEN";"UNID";"2"
"12";"LED DIURNO";"1";"1";"GEN";"UNID";"3"
"13";"LED TRASERO";"1";"1";"GEN";"UNID";"3"
"14";"LED LARGO ALCANCE";"1";"1";"GEN";"UNID";"3"
"13";"ANTIVIRUS";"1";"1";"GEN";"UNID";"99"
"14";"HORNO DE MESA";"2";"1";"GEN";"UNID";"01"
"15";"LED CORTO ALCANCE";"1";"1";"GEN";"UNID";"3"
"16";"LED DE FRENO";"1";"1";"GEN";"UNID";"3"
"17";"LED MARCHA ATRÁS";"1";"1";"GEN";"UNID";"3"
"18";"BOTE PINTURA AZUL 10L";"1";"1";"GEN";"UNID";"4"
"19";"BOTE PINTURA BLANCO 10L";"1";"1";"GEN";"UNID";"4"
"20";"BOTE PINNTURA ROJO 10L";"1";"1";"GEN";"UNID";"4"
"21";"BOTE PINTURA NEGRO 10L";"1";"1";"GEN";"UNID";"4"
"22";"BOTE PINTURA TEST 10L";"1";"1";"GEN";"UNID";"4"
"23";"PARACHOQUES DELANTERO";"1";"1";"GEN";"UNID";"5"
"24";"PARACHOQUES TRASERO";"1";"1";"GEN";"UNID";"5"
"25";"CAPÓ DELANTERO";"1";"1";"GEN";"UNID";"5"
"0004";"POLIESTER NARANJA";"1";"1";"GEN";"PIEZA";"ALG"
"0005";"ALGODON NEGRO 20M MB";"1";"1";"GEN";"PIEZA";"ALG"
"18";"MICROONDAS";"1";"1";"GEN";"UNID";"2"
"19";"FIGORIFÍCO LG";"1";"1";"GEN";"UNID";"2"
"26";"CAPÓ TRASERO";"1";"1";"GEN";"UNID";"5"
"27";"PUERTA PILOTO";"1";"1";"GEN";"UNID";"5"
"28";"PUERTA COPILOTO";"1";"1";"GEN";"UNID";"5"
"CAL001";"CAL";"1";"1";"GEN";"SACO";"82"
"LADRILLOS01";"LADRILLOS TIPO A";"1";"1";"GEN";"UNID";"91"
"LADRILLOS02";"LADRILLOS TIPO B";"1";"1";"GEN";"UNID";"91"
"SERVLIMP01";"SERVICIO DE LIMPIEZA";"1";"93";"GEN";"UNID";"51"
"TORNILLO001";"TORNILLOS 20*20";"1";"1";"GEN";"UNID";"61"
"ARCILLA001";"ARCILLA";"1";"1";"GEN";"KN";"80"
"11";"RUEDAS";"1";"1";"GEN";"UNID";"03"
"06";"DESTORNILLADOR SET 24 PIEZAS";"1";"1";"GEN";"UNID";"08"
"15";"BATIDORA DE MANO TAURUS";"1";"1";"GEN";"UNID";"07"
"01";"ARCILLA (5KG)";"1";"1";"GEN";"SACO";"01"
"10";"LADRILLOS";"1";"1";"GEN";"UNID";"01"
"0001";"HORNO MICROONDAS";"1";"1";"GEN";"UNID";"1"
"0002";"LAVADORA";"1";"1";"GEN";"UNID";"1"
"0003";"LAVAPLATOS";"1";"1";"GEN";"UNID";"1"
"0004";"SECADORA";"1";"1";"GEN";"UNID";"1"
"0005";"BATIDORA";"1";"1";"GEN";"UNID";"1"
"0006";"LADRILLO COMÚN";"1";"1";"GEN";"UNID";"2"
"0007";"LADRILLO HUECO";"1";"1";"GEN";"UNID";"2"
"0008";"ARENA SACO 25KG";"1";"1";"GEN";"SACO";"3"
"0009";"ARCILLA SACO 25KG";"1";"1";"GEN";"SACO";"3"
"01";"300ml arôme fraise";"1";"1";"GEN";"L";"010101"
"02";"300ml arôme spa";"1";"1";"GEN";"L";"010102"
"03";"300ml arôme lavande";"1";"1";"GEN";"L";"010103"
"04";"300ml virucide";"1";"1";"GEN";"L";"020201"
"05";"300ml germicide";"1";"1";"GEN";"L";"020202"
"06";"300ml bactericide";"1";"1";"GEN";"L";"020203"
"ARENA001";"ARENA ARCILLOSA";"1";"1";"GEN";"KN";"80"
"COCINA1234";"COCINA A GAS";"1";"1";"GEN";"PIEZA";"10"
"LAVAD003";"LAVADORA AUTOMATICA";"1";"1";"GEN";"PIEZA";"30"
"02";"CAL (10KG)";"1";"1";"GEN";"SACO";"01"
"07";"Uniforme nettoyeurs femme ete";"1";"1";"GEN";"UNID";"030101"
"01";"BOLSA DE ARENA 5KG";"1";"1";"GEN";"SACO";"06"
"02";"BOLSA DE CAL 5KG";"1";"1";"GEN";"SACO";"06"
"03";"CUADERNOS";"1";"1";"GEN";"UNID";"06"
"04";"BOLIGRAFOS";"1";"1";"GEN";"UNID";"06"
"05";"SIERRA CIRCULAR PROFESIONAL";"1";"1";"GEN";"UNID";"08"
"08";"Uniforme nettoyeurs femme hiver";"1";"1";"GEN";"UNID";"030102"
"09";"Uniforme nettoyeurs homme ete";"1";"1";"GEN";"UNID";"030201"
"10";"Uniforme nettoyeurs homme hiver";"1";"1";"GEN";"UNID";"030202"
"11";"Uniforme jardiniers femme ete";"1";"1";"GEN";"UNID";"040101"
"12";"Uniforme jardiniers femme hiver";"1";"1";"GEN";"UNID";"040102"
"0009";"LLAVERO CUERO PORCINO";"1";"1";"GEN";"UNID";"30.5"
"0020";"LLAVERO CUERO BOVINO";"1";"1";"GEN";"UNID";"20.5"
"0021";"LLAVERO CUERO VEGETAL";"1";"1";"GEN";"UNID";"10.5"
"0022";"CARTERA ROJA CUERO BOVINO";"1";"1";"GEN";"UNID";"10.2"
"0023";"CARTERA MARRON CUERO VEGETAL";"1";"1";"GEN";"UNID";"10.2"
"0026";"HILO GRUESO";"1";"1";"GEN";"BOLSA";"40.500"
"0027";"AGUA";"1";"93";"GEN";"UNID";"70.100"
"0028";"SERVICIO GRUA";"1";"93";"GEN";"HS";"70.103"
"000001";"RESMA DE PAPEL";"1";"COB06";"GEN";"UNID";"01"
"000002";"GRAPADORA";"1";"COB06";"GEN";"UNID";"01"
"000003";"REGLA 30 CM";"1";"COB06";"GEN";"UNID";"01"
"000004";"CALCULADORA CIENTIFICA";"1";"COB06";"GEN";"UNID";"01"
"000005";"ESFERO PUNTA FINA";"1";"COB06";"GEN";"UNID";"01"
"13";"Uniforme jardiniers homme ete";"1";"1";"GEN";"UNID";"040201"
"14";"Uniforme jardiniers homme hiver";"1";"1";"GEN";"UNID";"040202"
"1";"1";"1";"1";"GEN";"UNID";"0"
"0029";"ESCRITORIO";"1";"1";"GEN";"UNID";"40.500"
"545454";"ARCILLA PARA OFICINA";"1";"1";"0";"KN";"0105"
"00001";"TAZA CAFÉ";"1";"1";"GEN";"UNID";"1.1"
"00002";"BARRO";"1";"1";"GEN";"KB";"3"
"00003";"PLATO PLÁSTICO";"1";"1";"GEN";"UNID";"2.2"
"01";"";"1";"1";"DIST";"UNID";"0"
"MP_ARN";"ARENA FINA";"1";"1";"GEN";"KN";"1"
"03";"AGLOMERADO";"1";"1";"GEN";"M2";"01"
"04";"LAVADORA";"1";"1";"GEN";"UNID";"02"
"05";"MICROONDAS";"1";"1";"GEN";"UNID";"02"
"06";"LAVAPLATOS";"1";"1";"GEN";"UNID";"02"
"07";"MOTOR";"1";"1";"GEN";"UNID";"03"
"08";"HELICES";"1";"1";"GEN";"UNID";"03"
"09";"TIMON";"1";"1";"GEN";"UNID";"03"
"00005";"AGLOMERADO";"1";"1";"GEN";"M3";"3"
"00006";"LADRILLO AGLOMERADO";"1";"1";"PPF";"UNID";"4"
"ELE0001";"TELEVISOR 40''";"1";"1";"CL1";"UNID";"0102"
"PPTT03";"Jersey";"1";"1";"GEN";"UNID";"RM"
"19";"CAL (10KG)";"1";"1";"GEN";"SACO";"1"
"20";"AGLOMERADO (20 M2)";"1";"1";"GEN";"CAJA";"1"
"21";"ARENILLA (20 KG)";"1";"1";"GEN";"SACO";"1"
"22";"LADRILLO HUECO II";"1";"1";"GEN";"UNID";"1"
"23";"LADRILLO TEJAR II";"1";"1";"GEN";"UNID";"1"
"24";"LADRILLO MACIZO II";"1";"1";"GEN";"UNID";"1"
"25";"LAVAVAJILLAS B";"1";"1";"GEN";"UNID";"2"
"26";"MICROONDAS B";"1";"1";"GEN";"UNID";"2"
"27";"VITROCERAMICA B";"1";"1";"GEN";"UNID";"2"
"28";"MOTOR TURBOFAN";"1";"1";"GEN";"UNID";"3"
"29";"TIMON DIRECCION";"1";"1";"GEN";"UNID";"3"
"00001";"NEVERA SAMSUNG";"1";"1";"GEN";"UNID";"1"
"0001";"COCA COLA 33CL.";"1";"1";"0";"UNID";"0105"
"CM0001";"Camiseta Mujer";"1";"1";"0";"BOLSA";"0101"
"CM0002";"Camiseta Hombre";"1";"1";"0";"BOLSA";"0101"
"ELE0001";"TELEVISOR 40''";"1";"1";"0";"BOLSA";"0102"
"ELE0002";"FRIGORÍFICO";"1";"1";"0";"CAJA";"0105"
"IND0001";"CAMISETA MUJER";"1";"1";"0";"BOLSA";"0101"
"IND0002";"CAMISETA HOMBRE";"1";"1";"0";"BOLSA";"0101"
"MP01 ALG";"MP Algodon";"1";"1";"0";"BOLSA";"0101"
"00002";"PS5 ESTANDAR";"1";"1";"CL1";"UNID";"2"
"00003";"ARCILLA";"1";"1";"GEN";"M3";"3"
"00004";"LADRILLO ARCILLA";"1";"1";"EXPO";"UNID";"4"
"MP01ALG.O";"MP Lino";"1";"1";"0";"BOLSA";"0101"
"1";"ARCILLA";"1";"1";"PPF";"KN";"01"
"2";"CELULAR BLU";"1";"1";"PPF";"UNID";"05"
"3";"LADRILLO";"1";"1";"PPF";"CAJA";"03"
"ELE0002";"FRIGORÍFICO";"1";"1";"CL1";"UNID";"0102"
"0024";"CARTERA VEGETAL IMPORTADA NEGRA";"1";"1";"GEN";"UNID";"10.2"
"0025";"CARTERA BOVINO IMPORTADA MARRON";"1";"1";"GEN";"UNID";"20.2"
"00001";"LAVADORA";"1";"1";"GEN";"UNID";"0"
"00002";"SECADORA";"1";"1";"GEN";"UNID";"0"
"00003";"REFRIGERADOR";"1";"1";"GEN";"UNID";"0"
"0004";"COCINA";"1";"1";"GEN";"UNID";"0"
"GAS001";"GASTOS GENERALES";"1";"1";"GEN";"UNID";"1"
"000000";"TEXTO";"1";"1";"GEN";"UNID";"001"
"000001";"PRODUCTO COMERCIAL 1 UD";"1";"1";"GEN";"UNID";"001"
"0004";"POLIETILENO";"1";"1";"PPV";"KN";"3"
"0001";"BILLETERA NEGRA CUERO VEGETAL";"1";"1";"GEN";"UNID";"10.1"
"0002";"BILLETERA MARRON CUERO BOVINO";"1";"1";"GEN";"UNID";"20.1"
"0004";"BILLETERA NEGRA CUERO PORCINO";"1";"1";"GEN";"UNID";"30.1"
"0005";"CARTERA NEGRA CUERO  PORCINO";"1";"1";"NAC";"UNID";"30.2"
"0006";"REMACHES PLATEADOS X 100";"1";"1";"GEN";"BOLSA";"40.100"
"0007";"BOBINA CUERO PORCINO NEGRO 1X1M2";"1";"1";"PPFS";"M2";"30.4"
"0008";"CIERRES POR METRO";"1";"1";"GEN";"ML";"40.400"
"16";"MEZCLADORA";"1";"1";"GEN";"UNID";"06"
"CM0001";"Camiseta Mujer";"1";"1";"GEN";"UNID";"0101"
"CM0002";"Camiseta Hombre";"1";"1";"GEN";"PIEZA";"0101"
"0003";"BISTÉC PLANCHA";"1";"1";"0";"KN";"0105"
"0004";"ENTRECOT PIMIENTA";"1";"1";"0";"KN";"0105"
"0005";"TOMAHAWK 1,8KG";"1";"1";"0";"PIEZA";"0105"
"0006";"LUZ";"1";"1";"0";"KW";"0102"
"0007";"AGUA";"1";"1";"0";"KW";"0105"
"R001";"REPUESTO PLATO MICROONDAS";"1";"1";"GEN";"UNID";"5"
"S001";"SERVICIO REPARACION ELECTRODOMESTICOS";"1";"5";"GEN";"UNID";"4"
"L_LDRT";"LADRILLO REFRACTARIO";"1";"1";"GEN";"UNID";"4"
"MP01ALG.O";"MP Lino";"1";"1";"GEN";"M2";"0104"
"MP01 ALG";"MP Algodon";"1";"1";"GEN";"M2";"0103"
"OFICINA00001";"Cuadernos oficina";"1";"1";"GEN";"UNID";"0105"
"OFICINA00002";"Boligrafos";"1";"1";"GEN";"UNID";"0105"
"ARCILLA000";"ARCILLA ESPECIAL";"1";"1";"GEN";"KN";"80"
