"CODIGO_RAPIDO";"NOMBRE";"ESTADO";"TIPO_ENTIDAD";"NIF";"FORMA_COBRO_PAGO";"TIPO_CLIENTE"
"0041";"TALLERES LOLO, S.A";"ESPA";"NULO";"A98665333";"EFE";"C"
"0045";"SERRALHARIA LUCAS, LDA";"PORT";"NULO";"PT123456";"TRAI";"C"
"0046";"DISAMGEL, S.A.";"ESPA";"NULO";"A88282828";"EFE";"C"
"0047";"ANTONIO REY CARDEÑO";"ESPA";"NULO";"A45001982";"EFE";"C"
"0171";"MANUEL OREJAS";"ESPA";"NULO";"A9393939";"EFE";"C"
"0144";"ZARA";"ESPA";"NULO";"A90234111";"REP";"A"
"0021";"AUTOBUSES LA UNION, S.L.";"ESPA";"EJ";"B45001989";"P33";"A"
"8000";"FACULTAD DE VETERINARIA CAMPO NORTE";"ESPA";"NULO";"S23450897";"REP";"A"
"5656";"JOSE MANUEL PEREZ GARCIA";"ESPA";"PF";"34562132D";"REP";"X"
"0022";"JOSE GARCIA BERMUDEZ HILARIO";"ESPA";"PF";"34588004Y";"EFE";"A"
"2000";"ANGEL GARCIA GARCIA";"ESPA";"PF";"32987345D";"C51";"B"
"5657";"LAS RIAS, S.A.";"ESPA";"PF";"12349873T";"EFE";"X"
"0000";"GENERICO";"ESPA";"NULO";"B00100122";"REP";"01"
"0030";"JOSE LUIS HERNANDEZ GUIA";"ESPA";"NULO";"34567213E";"REP";"C"
"0029";"ALMACEN CORUÑA";"ESPA";"NULO";"A94949494";"EFE";"P"
"8989";"CORTES INGLES VALLADOLID";"ESPA";"NULO";"A01001001";"REP";"A"
"0036";"FANDIÑO";"ESPA";"NULO";"E34090223";"REP";"C"
"7000";"ACS, S.L.";"ESPA";"EJ";"B32165896";"REP";"A"
"7878";"MANUEL GARCIA LOPEZ";"ESPA";"NULO";"32456998E";"L91";"A"
"8745";"DISBURGOS, S.A.";"ESPA";"NULO";"E34901202";"REP";"C"
"0027";"CASTRO BELLO, S.A.";"ESPA";"NULO";"34561234E";"L91";"C"
"0028";"IGNACIO RODRIGUEZ GOMEZ";"ESPA";"PF";"32001892Z";"REP";"C"
"6886";"CONSTRUCCIONES ALONSO, S.L.";"ESPA";"NULO";"W34098090";"RE69";"A"
"0024";"COMARTIN";"ESPA";"NULO";"E23023199";"EFE";"C"
"0117";"SUMINISTROS GARCIA, S.A.";"ESPA";"NULO";"A890010011";"REP";"C"
"0011";"AFAMSA";"ESPA";"EJ";"A35890235";"REP";"A"
"0102";"DISTRIBUCIONES JUANCHO, S.L.";"ESPA";"NULO";"A32299292";"EFE";"C"
"0103";"COPASA (IVA PDTE. DEVENGO)";"ESPA";"NULO";"E345533344";"P33";"C"
"0104";"FGUVA";"ESPA";"NULO";"F43901233";"01";"C"
"0105";"CORTES INGLES CORUÑA FRESCO";"ESPA";"NULO";"A01001001";"REP";"A"
"0106";"CORTES INGLES CORUÑA CONGELADO";"ESPA";"NULO";"A01001001";"REP";"A"
"0107";"DISTRIBUCIONES JALEÑO, S.A.";"COLO";"N";"E34566322";"TRAI";"C"
"0108";"PLASTILENE";"COLO";"N";"848489494";"TRAI";"C"
"0005";"COMPAÑIA PETROLIFERA ITALIAN0, S.A.";"ITA";"NULO";"IT89265441";"CHE";"A"
"0014";"MABER MANUFACTURAS, S.A.";"ESPA";"EJ";"E32001000";"RE39";"A"
"6565";"JOSE GARCIA FERNANDEZ CANTON";"ESPA";"PF";"34989201Z";"REP";"B"
"0001";"CONSTRUCCIONES LOECHE";"ESPA";"EJ";"A25012451";"TAL";"01"
"0002";"JUAN JOSE RODRIGUEZ PAZ";"ESPA";"PF";"36053791A";"EFE";"C"
"0003";"DISTRIBUCIONES GALIOR, S.L.";"ESPA";"EJ";"E45101540";"EFE";"C"
"0006";"EDISA MADRID, S.A.";"ESPA";"EJ";"B32001109";"REP";"A"
"8888";"LA RIVIERE, L.D.A.";"FRA";"NULO";"FR65477901";"TRAI";"A"
"0007";"JONH WHETER WHITE";"EEUU";"NULO";"EE8882355";"TRAI";"A"
"5000";"CORTE INGLES MADRID, S.A.";"ESPA";"EJ";"A01001001";"RE38";"A"
"5001";"CORTE INGLES VIGO";"ESPA";"EJ";"A01001001";"RE38";"A"
"0020";"DISTRIBUCIONS GALAICAS, S.L.";"ESPA";"EJ";"A32456782";"EFE";"A"
"9999";"VENTAS DIRECTAS";"ESPA";"NULO";"000000000";"EFE";"C"
"6666";"ANVIER LA RISUE D'OR";"FRA";"NULO";"FR36363636";"TRAI";"A"
"0008";"CONSTRUCCIONES GARCIA CENTRAL";"ESPA";"EJ";"B36730158";"RE38";"A"
"8833";"CORTES INGLES LEON";"ESPA";"NULO";"A01001001";"P120";"A"
"4080";"FERROVIAL CATALUÑAS";"ESPA";"EJ";"B34561985";"P120";"A"
"6701";"FERROVIAL BARCELONA";"ESPA";"EJ";"B34561985";"P33";"A"
"7899";"FERROVIAL SEVILLA";"ESPA";"EJ";"B34561985";"L91";"A"
"0049";"DISTRIBUCIONES LA HOZ, S.L.";"ESPA";"NULO";"A43567892";"REP";"C"
"0050";"INDITEX (Central)";"ESPA";"NULO";"A8283283";"REP";"C"
"0053";"DISTRIBUCIONES HUNO, S.A.";"ESPA";"NULO";"A32001983";"REP";"C"
"0025";"JOSE RAMON FERNANDEZ CALDAS";"PORT";"NULO";"E34891234";"EFE";"C"
"0056";"CONSTRUCCIONES SANTOS, S.L.";"ESPA";"NULO";"A78543212";"L91";"C"
"0057";"CONSTRUCCIONES ANTOLIN GARCIA, S.L.";"ESPA";"NULO";"A45908123";"REP";"C"
"0058";"AYUNTAMIENTO MAHON";"ESPA";"NULO";"A6464664";"REP";"C"
"0062";"TRANSPORTES PEREIRA, LDA";"PORT";"NULO";"PT45834512";"TRAI";"C"
"0071";"CORTES INGLES VALLADOLID 1";"ESPA";"NULO";"A01001001";"REP";"A"
"0069";"RODONORSA";"ESPA";"NULO";"A35676767";"REP";"C"
"0052";"MADERAS GONZALO, S.A.";"ESPA";"NULO";"34561234L";"01";"C"
"0055";"INDITEX VIGO";"ESPA";"NULO";"Q23456789";"REP";"C"
"0072";"DISTRIBUCIONES MAR, S.A..";"ESPA";"NULO";"A32456789";"REP";"C"
"0075";"ALUMINIOS DORADOS DEL NORTE, S.L.";"ESPA";"NULO";"A23456781";"EFE";"C"
"0073";"JUAN JOSE LOPEZ LOPEZ";"ESPA";"NULO";"34343434T";"REP";"C"
"0076";"MATERIALES FERROS GOMEZ, S.L.";"ESPA";"NULO";"E34908234";"EFE";"C"
"0078";"FARMACIA PIÑOR, S.L.";"ESPA";"NULO";"A34667788";"REP";"C"
"0081";"NACHO";"ESPA";"NULO";"36053792G";"EFE";"C"
"0083";"CONSTRUCCIONES MARCIAL, S.A.";"ESPA";"NULO";"A45671232";"REP";"C"
"0086";"PISTON S.A.";"ESPA";"NULO";"A00232223";"EFE";"C"
"8767";"José Ignacio García García";"ESPA";"PF";"34562221Y";"REP";"C"
"0039";"DISTRINOR, S.A.";"ESPA";"NULO";"E34901284";"REP";"C"
"0040";"CORTES INGLES CORUÑA";"ESPA";"NULO";"A01001001";"RE20";"A"
"0042";"JUAN JOSE LOPEZ CARDOSO";"ESPA";"NULO";"A43908213";"EFE";"01"
"0043";"JOSE MANUEL GARCIA FERNANDEZ";"ESPA";"NULO";"32901001";"EFE";"C"
"0044";"AYUNTAMIENTO DE BADAJOZ";"ESPA";"NULO";"Q90100022";"REP";"C"
"0015";"JOSE MANUEL GARCIA RODRIGUEZ";"ESPA";"PF";"32456231B";"EFE";"C"
"0013";"MATERIAS CONSTRUÇAO JOAQUIM ALMEIDA,LDA";"PORT";"NULO";"PT45672311";"TRAI";"C"
"0016";"CARPINTERIA METALICA SIL, S.L.";"ESPA";"NULO";"A32890231";"REP";"C"
"0017";"COMPANIA DE TRANSPORTES LEVANTINA";"ESPA";"EJ";"A89231005";"L91";"C"
"0033";"DISTRIBUCIONES MONTALBAN, S.L.";"ESPA";"NULO";"C32001188";"EFE";"C"
"83838";"JOSE LUIS FERNANDEZ JULIAN";"ESPA";"PF";"32891234S";"REP";"C"
"0112";"CONSTRUCCIONES MARCELO, S.L.";"ESPA";"NULO";"A76435222";"REP";"C"
"0113";"MARIANO GARCIA GARCIA";"ESPA";"NULO";"34567232E";"REP";"C"
"0116";"JUAN JOSE LOPEZ";"ESPA";"PF";"73737373V";"EFE";"C"
"0026";"CONSTRUCCIONES MARCIAL, S.,L.";"ESPA";"NULO";"A00123222";"TAL";"C"
"0031";"MANUEL PUNZON RODRIGUEZ";"ESPA";"NULO";"45787231L";"EFE";"C"
"0032";"UNION FENOSA";"ESPA";"NULO";"A34908231";"EFE";"C"
"0018";"MADERAS ASIER VAZQUEZ, S.A";"ESPA";"NULO";"A23001710";"P33";"C"
"0034";"FONTANERIA GARCIA";"ESPA";"NULO";"23561002E";"EFE";"C"
"0035";"CARPINTERIA METALICA DON JUAN, S.A.";"ESPA";"NULO";"E23888343";"EFE";"C"
"0037";"MATADERO DE XINZO DA LIMIA";"ESPA";"NULO";"A98002932";"EFE";"C"
"0038";"GESTORIA LOPEZ ROMERO, S.L.";"ESPA";"NULO";"E87002377";"EFE";"C"
"0087";"DISTRIBUCIONES FORNON, S.A.";"ESPA";"NULO";"A34872131";"VIS";"C"
"0088";"JOSE LUIS HERNANDEZ";"ESPA";"NULO";"34671232E";"EFE";"C"
"0091";"DISTRIBUCIONES MOSCU";"RUSI";"NULO";"RU45545435";"TRAI";"C"
"0092";"PLANTA FLOR, S.A.";"ESPA";"NULO";"A32001099";"REP";"C"
"7687";"NACHO CARBAJAL";"MEXI";"N";"7845754";"TAL";"01"
"0095";"DISTRIBUCIONES AMERICANAS, S.L.";"MEXI";"N";"874484848";"EFE";"C"
"0097";"MACALUM";"MEXI";"N";"MAQ0306BL6";"TRAI";"C"
"0101";"ALUMINIOS DE MEXICO, S.A.";"MEXI";"N";"747474747";"TRAI";"C"
"0082";"TIENDA DE VIGO";"ESPA";"NULO";"A999923223";"EFE";"C"
"0089";"JOSE GARCIA GARCIA";"ESPA";"NULO";"A320010001";"REP";"C"
"0094";"CONGELADOS MANUEL, S.L.";"ESPA";"PF";"W34891233";"REP";"C"
"0100";"DISTRIBUCIONES LEON, S.L.";"MEXI";"N";"344325235";"TRAI";"C"
"7698";"DIPUTACION DE SALAMANCA";"ESPA";"NULO";"E98345661R";"REP";"01"
"7697";"DIPUTACION DE LEON";"ESPA";"NULO";"E36736373R";"REP";"C"
"0023";"DIPUTACION DE AVILA";"ESPA";"NULO";"A87435782";"EFE";"C"
"0067";"EVARISTO PORTELA JIMENEZ";"ESPA";"NULO";"34343434Z";"REP";"C"
"0070";"COREN";"ESPA";"NULO";"A81818181";"EFE";"C"
"0009";"CONSTRUCCIONES SAN MARCOS, S.L.";"ESPA";"EJ";"B32451601";"P33";"A"
"0010";"COOPERATIVA EL GALEON, S.A.";"ESPA";"EJ";"E92341569";"RE38";"01"
"8500";"JOSE MARIANO GONZALEZ";"ESPA";"PF";"34892130F";"REP";"01"
"7677";"MANUEL VEIGA PORTON";"ESPA";"PF";"34567213F";"EFE";"01"
"0012";"VENDAL, S.L.";"ESPA";"EJ";"A34901231";"P33";"C"
"7676";"JOSE IGNACIO GARCIA";"ESPA";"PF";"34532121J";"P120";"01"
"5545";"ANTOLIN GARCIA";"ESPA";"NULO";"R43980232";"REP";"C"
"9900";"SAM, S.A.";"ESPA";"EJ";"A32006413";"REP";"C"
"0185";"FORMON, S.A.";"ESPA";"NULO";"783737373";"EFE";"C"
"0188";"ELOMIN";"ESPA";"NULO";"83838383";"EFE";"C"
"0189";"GENERICO";"ESPA";"NULO";"B00100122";"REP";"01"
"0192";"NUEVO, S.A.";"ESPA";"NULO";"92929292";"01";"C"
"0200";"NUEVO";"ESPA";"NULO";"3939393";"01";"C"
"0201";"SUIFOR";"ESPA";"NULO";"URURURUR";"EFE";"C"
"0202";"RINRON";"ESPA";"NULO";"W45Q3W";"EFE";"C"
"0175";"TECHNO GROUP INTERNATIONAL, S.A.";"PERU";"NULO";"20100461065";"TRAI";"C"
"0173";"THENAISIE";"ESPA";"NULO";"A90929292";"EFE";"C"
"0174";"KARGA, S.L.";"ESPA";"NULO";"A45009092";"EFE";"C"
"0180";"CEMOR";"ESPA";"NULO";"A-02020202";"EFE";"C"
"0178";"KARGAS, S,A,";"ESPA";"NULO";"A34090000";"EFE";"C"
"0172";"DISTRIBUIDORA POTELA, S.A.";"ESPA";"NULO";"N";"EFE";"C"
"4000";"FERROVIAL ANDALUCIA";"ESPA";"EJ";"B34561985";"P33";"A"
"0090";"DISTRIBUCION CONFISH, S.A.";"RUSI";"NULO";"RU88293933";"TRAI";"C"
"0048";"CARLOS DOVAL ANTON";"ESPA";"NULO";"34981234R";"EFE";"C"
"0123";"ESPINA Y DELFIN";"ESPA";"NULO";"A43880001";"REP";"C"
"0066";"SOLTER";"ESPA";"NULO";"A3493409309";"EFE";"C"
"0124";"JUAN RAMON GASPAR PINTO";"ESPA";"NULO";"345566812S";"REP";"C"
"0051";"PESCADOS PACO, S.A.";"ESPA";"NULO";"883838383";"EFE";"C"
"0063";"MARIBERICA";"PORT";"NULO";"PT8585858585";"EFE";"C"
"0118";"DISTRIBUCIONES LUCAS, S.A.";"ESPA";"NULO";"A34001232";"REP";"C"
"0119";"CONSTRUCCIONES MANCHON, S.A.";"ESPA";"NULO";"A45891223";"REP";"C"
"0120";"MANUEL SANLUCAR";"ESPA";"NULO";"4356781E";"REP";"C"
"0121";"JUAN JOSE GIRALDEZ";"ESPA";"NULO";"23456882W";"REP";"C"
"0064";"TESOL";"ESPA";"NULO";"A98231231";"EFE";"C"
"0065";"SOLTET";"ESPA";"NULO";"A923929292";"EFE";"C"
"0068";"GESTAN, S.L.";"ESPA";"NULO";"A32981234";"EFE";"C"
"0054";"MANUAL ALZAMORA GARCIA";"ESPA";"NULO";"34563456Y";"EFE";"C"
"0059";"CONSTRUCCIONES ALBERTO PLA, S.A.";"ESPA";"NULO";"A32009823";"EFE";"C"
"0060";"ALBERTO GARCIA CAAMAÑO";"ESPA";"NULO";"A45009082";"EFE";"C"
"0061";"DISTRIBUCIONES JOLVER";"ESPA";"NULO";"A8181818";"REP";"C"
"0080";"PAZODOBARCO, S.L.";"ESPA";"NULO";"A2389123";"EFE";"C"
"0074";"CONSTRUCCIONES GUISOL, S.A.";"ESPA";"NULO";"A45990222";"EFE";"C"
"0077";"MANUEL CARREIRA";"ESPA";"NULO";"34898333E";"EFE";"C"
"0079";"COMERCIAL PEDRITO, S.A";"ESPA";"NULO";"34901234R";"EFE";"C"
"0084";"CUCO, S.A.";"ESPA";"NULO";"A78227282";"EFE";"C"
"0085";"GASOLINERA LOBIOS, S.A";"ESPA";"NULO";"Q8383838";"EFE";"C"
"0093";"ALUMINA";"ESPA";"NULO";"A474747474";"EFE";"C"
"0129";"CONSTRUCCIONES FILON";"ESPA";"NULO";"6363636333";"EFE";"C"
"0227";"EJEMPLO";"MEXI";"N";"234143";"TAL";"C"
"0096";"DISTRIBUCIONES ANCARA, S.A.";"ESPA";"NULO";"A78320233";"EFE";"C"
"0111";"VENDELL, S.A.";"ESPA";"NULO";"A34901234";"EFE";"C"
"0126";"DINAQ";"ESPA";"NULO";"A67342222";"EFE";"C"
"5689";"RESTAURANTE PAMPIN, S.L.";"ESPA";"NULO";"E23456212";"REP";"C"
"0098";"MICROLAN";"ESPA";"NULO";"A12349999";"EFE";"C"
"0109";"DISRIVAS";"ESPA";"NULO";"A34001001";"EFE";"C"
"0114";"VALVULERIA DEL NORTE";"ESPA";"NULO";"A230010001";"EFE";"C"
"0099";"COLAN, S.L.";"ESPA";"NULO";"A34990212";"EFE";"C"
"0110";"MAQUINTER";"ESPA";"NULO";"A320006785";"EFE";"C"
"0125";"ALUMINIOS CRECIENTE, S.A.";"ESPA";"NULO";"A56001982";"EFE";"C"
"0345";"VALVULERIA DEL NORTE, SL.L";"ESPA";"NULO";"A82829029";"REP";"C"
"0127";"NACHO";"ESPA";"NULO";"A329839393";"EFE";"C"
"0128";"TOMCAT, S.L.";"ESPA";"NULO";"A8282828";"EFE";"C"
"0130";"PLEAMAR, S.L.";"ESPA";"NULO";"A89231111";"EFE";"C"
"0115";"GESUGA";"ESPA";"NULO";"A92929292";"EFE";"C"
"0122";"LANDELINO MARTIN LOPEZ";"ESPA";"NULO";"34671234S";"EFE";"C"
"0131";"CONSTRUCCIONES DITRON, S.A.";"ESPA";"NULO";"A99929292";"EFE";"C"
"0142";"DISTRIBUCION MANUEL, S.A.";"ESPA";"NULO";"A323232321";"REP";"C"
"0134";"MOFARI, S.L.";"ESPA";"NULO";"A43001899";"EFE";"C"
"0148";"CONSTRUCCIONES MANUAL FERNADEZ, S.A.";"ESPA";"NULO";"E78001377";"REP";"C"
"0137";"ACOVAL, S.A.";"ESPA";"NULO";"A90909011";"RE25";"C"
"0149";"MANUEL GARCIA CARBALLO";"ESPA";"NULO";"34891234";"REP";"C"
"0135";"RECTIVOS, S.L.";"ESPA";"NULO";"424242424";"EFE";"C"
"0136";"TENTOR, S.L.";"ESPA";"NULO";"E67802792";"EFE";"C"
"0139";"DISJORTE, S.A.";"ESPA";"NULO";"E34090231";"EFE";"C"
"0223";"CURSO SUIPHAR";"ESPA";"NULO";"5423523";"01";"C"
"0138";"CONGELADOS EMILIO S,A.";"ESPA";"NULO";"63990292";"EFE";"C"
"0133";"GASTON Y DANIELA";"ESPA";"NULO";"A23098098";"EFE";"C"
"0132";"GESIGA";"ESPA";"NULO";"A56301001";"EFE";"C"
"0145";"KIOSKO MANUEL LOPES";"PORT";"NULO";"PT993939223";"EFE";"C"
"0157";"ARMADORA EDISA, S.A.";"ESPA";"EJ";"A34880922";"REP";"A"
"0158";"PESCADOS DISMAR, S.A.";"ESPA";"NULO";"A34900222";"EFE";"C"
"0162";"PLISMAR, S.A.";"ESPA";"NULO";"A34672888";"EFE";"C"
"0164";"PLINTO, S.A";"ESPA";"NULO";"A98001218";"EFE";"C"
"0168";"MARIA DEL ROSARIO FERNANDEZ GARCIA";"ESPA";"NULO";"34781234R";"REP";"C"
"0155";"GOLIATH,S A.";"ESPA";"NULO";"833838383+";"EFE";"C"
"0153";"HIEROS PITETA";"ESPA";"NULO";"A89892222";"EFE";"C"
"0160";"PLEITO, S.A";"ESPA";"NULO";"A88383838";"EFE";"C"
"0165";"LORTA, S.A";"ESPA";"NULO";"3474747";"EFE";"C"
"0140";"DIMANOR";"ESPA";"NULO";"A93939393";"EFE";"C"
"0152";"DISTRIBUCIONES CENTROAMERICANAS, LDA";"COLO";"N";"3456789";"TRAI";"C"
"0156";"KILIO";"ESPA";"NULO";"A333333";"EFE";"C"
"0166";"TINTON, S.A.";"ESPA";"NULO";"A365757575";"EFE";"C"
"0143";"VICTOR SANTACANA";"ESPA";"NULO";"3483483838";"EFE";"C"
"0161";"ROURASA, S,A";"ESPA";"NULO";"S7S7S7S";"EFE";"C"
"0147";"MESTURAS, S.A.";"ESPA";"NULO";"A12345678";"EFE";"C"
"0167";"SOLLOZA, S.A.";"ESPA";"NULO";"A23001982";"EFE";"C"
"0141";"AREANTA, S.A.";"ESPA";"NULO";"A34494949";"EFE";"C"
"0146";"MONESTRON, S.A.";"ESPA";"NULO";"A32009091";"EFE";"C"
"0204";"RIMAO";"ESPA";"NULO";"SDFADSFA";"EFE";"C"
"0205";"SUCO";"ESPA";"NULO";"78478484";"EFE";"C"
"0206";"SOLOLLA";"ECU";"NULO";"SD943934423";"EFE";"C"
"0208";" HEMOSERVICES";"ECU";"NULO";"848484";"EFE";"C"
"747474";"4352348890532";"COLO";"N";"21341324";"01";"0"
"0215";"EJEMPLO";"COLO";"NULO";"SADDFDDSAF";"EFE";"C"
"0218";"ALCALDIA DE GOGO";"ESPA";"NULO";"8383883";"EFE";"C"
"999999";"CLIENTE PROPIA EMPRESA";"ESPA";"NULO";".";"01";"0"
"0224";"NUEVO SUIOHAR";"ESPA";"NULO";"3456435";"01";"C"
"0225";"CORTE INGLES SALAMANCA";"ESPA";"EJ";"A01001001";"RE38";"A"
"0226";"JUAN MANOLO SANTOS PERALBA";"COLO";"NULO";"444455";"EFE";"C"
"0216";"NUSSEL";"COLO";"NULO";"32434";"EFE";"C"
"0217";"NASSEAL";"COLO";"NULO";"34523523";"EFE";"C"
"0219";"SIGRA";"COLO";"NULO";"21341234";"01";"C"
"0220";"CONSTRUCCIONES SAN JUAN ,S,A";"COLO";"N";"457695983";"01";"C"
"0221";"CONSTRUCCIONES SAN JUAN CARTAGENNA";"COLO";"N";"457695983";"01";"C"
"0222";"CONSTRUCCIONES SAN JUAN IBAGUE";"COLO";"N";"457695983";"01";"C"
"7678";"AMBIESTES DE LERIDA, S.A.";"ESPA";"NULO";"A32987182";"REP";"01"
"8787";"CONTENEDORES LOLIN, S.L.";"ESPA";"NULO";"C34908232";"REP";"C"
"0019";"MANUEL CARIDE";"ESPA";"NULO";"32981234R";"REP";"C"
"8790";"JOSE MANUEL LEIROS CANTON";"ESPA";"PF";"34672901X";"REP";"A"
"0004";"SUMINISTROS INDUSTRIALES GALLARDON,S.A.";"ESPA";"EJ";"A34567909";"EFE";"01"
"3000";"FERROVIAL CENTRAL";"ESPA";"EJ";"B34561985";"P33";"01"
"0207";"G.P.F.";"ECU";"NULO";"9393939";"EFE";"C"
"0210";"GIJER";"COLO";"NULO";"A83838";"EFE";"C"
"0211";"GRUCO ALUMINIOS";"COLO";"NULO";"8484848";"EFE";"C"
"0212";"PROMEDICAL";"COLO";"NULO";"8383838";"EFE";"C"
"0213";"NACHO";"ESPA";"NULO";"949494949";"01";"C"
"0209";"COSMOPOLITANA";"ESPA";"NULO";"W838383";"EFE";"C"
"0151";"PEIXEMMAR";"ESPA";"NULO";"A001001001";"EFE";"C"
"0159";"JUAN GARCIA GUTIERREZ";"ESPA";"NULO";"46790234E";"EFE";"C"
"0169";"POPOV LTDA";"RUSI";"NULO";"RS2727272722";"TRAI";"C"
"0150";"NOVAMODA, S.L.";"ESPA";"NULO";"A32323232";"EFE";"C"
"0154";"MARESMER, S.A.";"ESPA";"NULO";"A2892929292";"EFE";"C"
"0163";"FARMACIA GALARDON";"ESPA";"NULO";"3345345";"REP";"C"
"0179";"TUBIN, S.A.";"ESPA";"NULO";"A45090303";"EFE";"C"
"0170";"HIERROS SAINZ";"ESPA";"NULO";"A98123781";"EFE";"C"
"0176";"CENTRO DEL FRIO COMERCIAL E.I.R.L.";"PERU";"NULO";"20538736776";"TRAI";"C"
"0177";"JUAN CARLOS GARRIDO HERNADEZ";"ESPA";"NULO";"A90991001";"REP";"C"
"0181";"VICORSA";"ESPA";"NULO";"A34404044";"EFE";"C"
"0183";"SANTOS, S.A.";"ESPA";"NULO";"A83838383";"REP";"C"
"0184";"8484";"ESPA";"NULO";"3453";"REP";"C"
"0186";"MANUEL OJAEDA FABIAN";"ESPA";"NULO";"34560003";"EFE";"C"
"0187";"PHAREX";"ESPA";"NULO";"8838383";"EFE";"C"
"0190";"FELIPE ASUNCION HERNANDEZ";"ESPA";"NULO";"42342332";"01";"C"
"0193";"FORIAN";"ESPA";"NULO";"9A9A9A9A";"EFE";"C"
"0195";"DIDOS, S.L.";"ESPA";"NULO";"834883";"EFE";"C"
"0197";"DISTRIBUCIONES LOMETA, S.A.";"ESPA";"NULO";"292393292";"EFE";"C"
"0199";"ARGEMAR";"PERU";"NULO";"843848484";"EFE";"C"
"0196";"BONDRON S.A";"ESPA";"NULO";"7474747474";"EFE";"C"
"0182";"DISTRIBUCIONES GARCIA, S.A.";"ESPA";"NULO";"A893838383";"EFE";"C"
"0194";"CONDIL";"ESPA";"NULO";"A99DS99";"EFE";"C"
"0198";"PERUCARMA";"PERU";"NULO";"83483838";"EFE";"C"
"0191";"ALUMINIO TIJUANA, S.A.";"MEXI";"N";"8F8F8F8F";"TRA";"C"
"0203";"CUCIR, S.A";"ESPA";"NULO";"8338383";"EFE";"C"
"0228";"DISTRIBUCIONES GALLEGO, S.A.L.";"ESPA";"NULO";"R48484833";"REP";"01"
"0229";"CILOR";"MEXI";"N";"32R23432";"EFE";"C"
"0230";"TAMPON";"ESPA";"N";"83838383";"EFE";"C"
"0231";"EXTAL";"ESPA";"N";"8383";"EFE";"C"
"00001";"PRUEBA";"ITA";"PFIS";"20102323S";"01";"0"
"00001";"CONSTRUCION SL";"ITA";"NULO";"434235523";"EFE";"0"
"00002";"ASIDE";"ITA";"NULO";"434223";"EFE";"0"
"00003";"SSD";"EEUU";"NULO";"324535";"EFE";"03"
"00004";"GIGABYTE";"ITA";"NULO";"353456";"EFE";"0"
"00005";"PHILIPS";"ITA";"NULO";"424234";"EFE";"0"
"002";"VALORANT SA";"ESPA";"NULO";"B708274763";"C50";"A"
"0003";"ANITA GOMEZ";"ITA";"NULO";"1004002002";"TRA";"001"
"0004";"GABRIELA BENALCAZAR";"ITA";"NULO";"1004002003";"TRA";"001"
"0005";"MATEO ANDRADE";"ITA";"NULO";"1004002004";"TRA";"001"
"0001";"PEPE RODRÍGUEZ MÉNDEZ";"ESPA";"N";"44568925N";"EFE";"B"
"000007";"ELECTRODOMÉSTICOS SAN MARCOS, S.L.";"ESPA";"EJ";"B53090668";"01";"UNI"
"0002";"PEDRO TERÁN";"ITA";"NULO";"1004002001";"TRA";"001"
"1";"PERICO";"ITA";"PFIS";"9838347D";"EFE";"02"
"1";"CLIENTE1";"ITA";"NULO";"5166516A";"01";"UNI"
"2";"CLIENTE2";"ITA";"NULO";"446456468S";"01";"UNI"
"3";"CLIENTE3";"ITA";"NULO";"4546465A";"01";"UNI"
"4";"CLIENTE4";"ITA";"NULO";"894654145A";"01";"UNI"
"5";"CLIENTE5";"ITA";"NULO";"465654W";"01";"UNI"
"000001";"MASTER CADENA, S.A.";"ESPA";"EJ";"A31396435";"01";"UNI"
"001";"RIAL AUTONOMO";"ESPA";"PF";"45861383G";"EFE";"0"
"000008";"DISTRIBUCIONES CARBAJAL S,A.";"ESPA";"N";"B73737373";"EFE";"UNI"
"EJ001";"IBERIA";"ESPA";"EJ";"A85850394";"TRA";"0"
"EJX001";"BRITISH AIRWAYS";"UK";"N";"W0061040B";"EFE";"03"
"000009";"ELECTRODOMÉSTICOS NOVELSAX, S.L.";"ESPA";"EJ";"B53368635";"01";"UNI"
"EJ002";"VIMELEC";"ESPA";"EJ";"B36896967";"EFE";"0"
"006";"TECNOLOGICOS 20 DE MAYO";"ITA";"PJUR";"2015468Y";"01";"0"
"007";"INGETEC S.A.S";"ITA";"PJUR";"2542218Y";"EFE";"0"
"01";"PROGMA";"ITA";"PJUR";"773912726D";"VIS";"0"
"02";"FICOMSA";"ESPA";"NULO";"9544350D";"TRA0";"03"
"03";"PROCMASA";"ITA";"PJUR";"8492378A";"RE12";"01"
"04";"APDSFS";"EEUU";"NULO";"2324123ZAD";"TRAI";"03"
"05";"APHEBC";"ALEM";"N";"BR350B";"TRAI";"03"
"000002";"CENTRO INOX S.R.L.";"ITA";"EXT";"IT8006285194";"TRAI";"UNI"
"000003";"CENTROS COMERCIALES CARREFOUR, S.A.";"ESPA";"EJ";"A28425270";"P4";"UNI"
"EJ003";"ELECTRONICA RAYTE";"ESPA";"EJ";"B30094882";"EFE";"0"
"EJX002";"YOURELECT";"ITA";"NULO";"A5896522365";"EFE";"03"
"0236";"CONSTRUCCIONES DANIEL MELON";"ESPA";"N";"63623762372";"EFE";"C"
"0006";"EXTRANJERO MAT.PRIMA";"EEUU";"NULO";"123456";"EFE";"03"
"0007";"JUAN LUIS";"ITA";"PFIS";"05435838";"EFE";"02"
"0006";"CLIENTE EXTRANJERO ($)";"EEUU";"NULO";"325475858";"TRAI";"03"
"0000";"PRUEBA";"ITA";"NULO";"098749381";"EFE";"UNI"
"0002";"DON RAMON";"ITA";"PJUR";"O2I3Y92223";"EFE";"02"
"0003";"CONSTRUCTORA FLOORSEAL";"EEUU";"NULO";"09876544";"EFE";"0"
"0004";"ARRENDADORA HORNO";"ITA";"PJUR";"093849";"EFE";"0"
"0005";"COCINAS INTEGRALES";"ITA";"PJUR";"1234TI0039";"EFE";"0"
"0101";"ALMACEN COMERCIALIZADORA MILAN";"ITA";"PJUR";"RFC000";"EFE";"P"
"0000";"HIPER ITALIA";"ITA";"EXT";"A56927824";"TAL";"01"
"6568";"JOSE LUIS GARCÍA GARCÍA";"ESPA";"NULO";"32456998E";"L91";"A"
"4343";"Manuel García Soledad";"ESPA";"NULO";"32456998E";"L91";"A"
"0001";"ADRIATICO CONSTRUCCION";"ITA";"NULO";"12342323E";"RE39";"0"
"0002";"COLISEO URBANISTICA";"ITA";"NULO";"34245672A";"TRA";"0"
"0003";"AMERICAN BUILDING";"EEUU";"NULO";"342456728T";"TRA";"03"
"0004";"ELECTRONICA NAZIONALE";"ITA";"NULO";"34535363Y";"EFE";"0"
"0005";"SISTEMAS ROYAL CARIBE";"PUER";"N";"3427786G";"01";"03"
"0234";"INDUSTRIAS CATEDRAL";"MEXI";"N";"3652";"EFE";"C"
"0012";"PIERRE COUPE";"FRA";"NULO";"FR014646";"EFE";"0"
"0013";"PIERRE CARDAN";"FRA";"NULO";"FR0146461";"EFE";"0"
"0003";"EURONICS NOVA (ELECTRO)";"ITA";"PJUR";"45612351";"EFE";"0"
"0004";"SMEG STORES ITALIA - TE.SE.C. (ELECTRO)";"ITA";"PJUR";"78315841532";"EFE";"UNI"
"001";"CLIENTE OCASIONAL";"ITA";"NULO";"000000000";"EFE";"C"
"9990";"CLIENTE PRUEBA RIESGO EMPRESA";"ESPA";"N";"5654323456";"EFE";"UNI"
"0002";"IMPRESA EDILE DIMA SRL MP";"ITA";"EXT";"12358758596";"TRAI";"03"
"0003";"EDILTECNO SRL MC";"ITA";"EXT";"03998411213";"PA90";"03"
"0004";"LA PEPITA BURGER BAR SL MC";"ESPA";"EJ";"B27793686";"RE15";"0"
"0005";"EDISA ASESORES SA MP";"ESPA";"EJ";"A39088810";"EFE";"0"
"3";"ESCUADRA FINA CARRERA";"ITA";"PJUR";"33333333C";"EFE";"0"
"4";"ACSR";"ESPA";"NULO";"44444444D";"EFE";"03"
"0005";"FABITA SRL (SC)";"ITA";"PJUR";"255245614";"EFE";"0"
"0006";"EDILCEPARANO SRLS (SC)";"ITA";"PJUR";"51321541";"EFE";"01"
"0007";"EMPRESA ANTONIO GAMEZ (ELECTRO)";"ITA";"PFIS";"79259666";"EFE";"01"
"0008";"PABLO BILBAO (SC)";"ITA";"PFIS";"52648152";"EFE";"0"
"00002";"GENÉRICO";"ITA";"NULO";"12121234b";"REP";"0"
"01";"CLIENTE01";"ITA";"NULO";"12221234b";"REP";"0"
"02";"CLIENTE02";"ITA";"NULO";"12124442S";"RE38";"A"
"03";"CLIENTE03";"ITA";"NULO";"12124443S";"REP";"0"
"04";"CLIENTE04";"EEUU";"NULO";"12124444S";"REP";"03"
"05";"CLIENTE05";"ESPA";"NULO";"12124445S";"REP";"03"
"EJ004";"CONSTRUCCIONES NOROESTE";"ESPA";"N";"A88794037";"EFE";"0"
"0001";"CONSTRUCCIONES ITALIA";"ITA";"PJUR";"A99218765";"TRA0";"01"
"L001";"LEROY MERLIN";"FRA";"NULO";"A901923";"TRA0";"03"
"L002";"CONSTRUCTORA DI ANGELO";"ITA";"PJUR";"A";"CO30";"0"
"L003";"BRICODEPOT ALEMANIA";"ALEM";"N";"AL454323341";"P120";"03"
"L004";"REFORMAS SANTORO";"ITA";"PJUR";"A28910303";"TAL";"0"
"L005";"CONSTRUCCIONES REGACCI";"ITA";"PJUR";"A178579624";"PA90";"0"
"1";"ALITALIA";"ITA";"PJUR";"11111111A";"EFE";"0"
"2";"ZANUSSI";"ITA";"PJUR";"22222222B";"EFE";"0"
"5";"EDISA";"ESPA";"NULO";"5555555E";"EFE";"03"
"2828";"NACHO PRUEBA SM";"ESPA";"NULO";"W34098091";"RE69";"C"
"001";"AUGUSTO JIMENEZ";"ESPA";"PF";"65445406X";"EFE";"03"
"002";"GIUSEPPE MOZZI";"ITA";"PFIS";"23530062G";"EFE";"0"
"003";"ANTONIO DI MARCHA";"ITA";"PFIS";"78062603M";"EFE";"0"
"004";"LUCIA D'AGOSTINO";"ITA";"PFIS";"21032383X";"EFE";"0"
"005";"SILVIA GARCÍA";"ESPA";"PF";"64444686C";"EFE";"03"
"000010";"COMERCIANTES DE ELECTRODOMÉSTICOS, S.A.";"ESPA";"EJ";"A03176955";"P30";"UNI"
"0001";"NUEVA WALMART";"ITA";"PJUR";"RFC000000";"EFE";"A"
"000011";"ELECTRODOMESTICOS TEOFILO, S.A.";"ESPA";"EJ";"A79388120";"01";"UNI"
"000012";"UNIÓN GALLEGA DE ELECTRODOMÉSTICOS, S.A.";"ESPA";"EJ";"A15054489";"01";"UNI"
"0002";"ANDREA BARBIERI BERNARDI";"ITA";"EXT";"5454544";"TRA";"03"
"0003";"BIANCA ABBONDIO ABELE";"ITA";"EXT";"61565451";"CHE";"03"
"0004";"ELECTRÓNICA, S.L.";"ESPA";"EJ";"B35627835";"EFE";"0"
"0001";"DISENSA";"ITA";"PJUR";"001";"EFE";"01"
"0002";"FERRISARIATO";"ITA";"PJUR";"002";"EFE";"01"
"0003";"KIWY";"ITA";"PJUR";"003";"EFE";"01"
"0004";"FERREMUNDO";"ITA";"PJUR";"004";"EFE";"01"
"0005";"FERRETERO";"ITA";"PJUR";"005";"EFE";"01"
"0001";"PEREZ ALVAREZ JUAN MP";"ESPA";"PF";"65004204V";"TRA";"0"
"0214";"CONGELADOS APOLO";"ESPA";"N";"455745";"EFE";"C"
"0232";"COVIN AG";"SUIZ";"N";"5745";"EFE";"C"
"0233";"MAGALUX";"ESPA";"N";"1454";"EFE";"C"
"0006";"ASTON INDUSTRIES";"FRA";"N";"FR7333839";"TRA";"0"
"0007";"LE HAVRE VOITURES";"FRA";"NULO";"FR5216573";"EFE";"0"
"0008";"SPORTS NOIR";"FRA";"NULO";"FR63723";"EFE";"0"
"0009";"DEUSCTHLAND PERFORMANCE";"ALEM";"NULO";"ALEM634344";"EFE";"0"
"0010";"DAIMLER SL";"ALEM";"NULO";"ALEM4634344";"EFE";"0"
"0011";"HARMANN SYSTEMS";"ALEM";"NULO";"ALEM466654";"EFE";"0"
"0001";"CLIENTES MAYORISTA";"ESPA";"NULO";".";"EFE";"01"
"0005";"ARCILLAS, S.L.";"ESPA";"EJ";"B53988754";"EFE";"0"
"0006";"SOYODA IMPORTADORA";"ECU";"NULO";"006";"TRAI";"03"
"0007";"ECUAIMCO";"ECU";"NULO";"007";"TRAI";"03"
"0008";"REMECO IMPORTADORA";"COLO";"NULO";"008";"TRAI";"03"
"002";"DESPACHO SAN JOSE";"ITA";"PJUR";"2024523Y";"EFE";"0"
"M001";"ROBOTICS";"ITA";"PJUR";"A985842935";"TRA";"0"
"M002";"MEDIAMARKT ESPAÑA";"ESPA";"NULO";"A919911919";"TRA0";"03"
"M003";"AIR ITALIA";"ITA";"PJUR";"IT092902";"RE12";"0"
"M004";"ELECTRONICS STAR";"ESPA";"NULO";"A99309090";"RE30";"03"
"M005";"PHONE ITALIA";"ITA";"PJUR";"IT9859402";"EFE";"0"
"0001";"CLIENTE MOMENTANEO (SC)";"ITA";"PJUR";"545545";"REP";"C"
"0002";"UNILAGO CENTRO COMERCIAL (ELECTRO)";"ITA";"NIT";"91542105614";"EFE";"01"
"0009";"SODIMAC";"PERU";"NULO";"009";"TRAI";"03"
"0010";"CHILEMAC";"CHIL";"N";"010";"TRAI";"03"
"0001";"COLISEUM, S.A";"ITA";"NULO";"5485633";"TRA";"0"
"000004";"CARREFOUR BARCELONA";"ESPA";"NULO";"A28425270";"60";"UNI"
"000005";"CARREFOUR MÁLAGA";"ESPA";"NULO";"A28425270";"60";"UNI"
"0002";"RESTAURACIONES PISA";"ITA";"NULO";"5485635";"TRA";"0"
"0003";"LIDL, S.A";"ALEM";"N";"5325245";"TRA";"UNI"
"0004";"AMERICAN AIRLINES";"EEUU";"NULO";"4665353";"TRA";"03"
"0005";"WALMART";"EEUU";"NULO";"5465665";"TRA";"03"
"0235";"PEPE";"ESPA";"N";"15452323";"EFE";"C"
"003";"DISTRIBUIDORA EL MEJOR PRECIO";"ITA";"PJUR";"54522451S";"01";"01"
"004";"EL GRAN REMATE";"ITA";"PJUR";"31684132S";"01";"02"
"0006";"SKYLINE NYC";"EEUU";"NULO";"6452552";"01";"03"
"0001";"JUAN AGUILAR";"ITA";"NULO";"1002003001";"TRA";"001"
"005";"CONSTRUCCIONES CELEFIN";"ITA";"PJUR";"24151258S";"01";"UNI"
"1";"CLIENTE DE PRUEBA PARA REMESA";"ESPA";"N";"11";"60";"UNI"
"000006";"CEMEVISA 2000, S.A.";"ESPA";"EJ";"A48035273";"P30";"UNI"
"2";"CLIENTE DE PRUEBA2 PARA REMESA";"ESPA";"N";"12";"60";"UNI"
"001";"RESTAURANTE LOL";"ESPA";"EJ";"B08057531";"CHE";"01"
"002";"GRUPO XXX";"ESPA";"EJ";"B83335422";"60";"A"
"003";"FRUTAS BARCELONA";"ESPA";"PF";"60661907M";"P120";"UNI"
"004";"MAC DONALDS";"ESPA";"N";"1546554654W";"EFE";"UNI"
"005";"ZARA";"ESPA";"NULO";"V1354534";"C51";"01"
"010";"BEST BUY";"EEUU";"NULO";"V6545";"TRA";"03"
"011";"TACO BELL";"EEUU";"NULO";"V354654";"CONE";"03"
"012";"NIKE";"EEUU";"NULO";"DC5546546";"01";"03"
"013";"ADIDAS";"EEUU";"NULO";"D65456";"C52";"03"
"014";"H&M";"EEUU";"NULO";"D654654";"TRAI";"03"
"0000";"PRUEBA";"ITA";"NULO";"34532122F";"01";"0"
"0003";"COMPANIA PETRO ESPAÑOLA S.A";"ESPA";"NULO";"ES13455533";"EFE";"03"
"0004";"COOPERATIVA ALIANZA S.A";"ITA";"NULO";"IT1344232";"EFE";"0"
"0005";"JOSE CANDO MILANO Y ASOCIADOS";"ITA";"NULO";"IT4938382";"EFE";"0"
"0006";"DISTRIBUIDORA MODELO";"ITA";"NULO";"IT49335432";"EFE";"0"
"0007";"ALMACENES TRUJILLO";"ITA";"NULO";"IT8458483";"EFE";"01"
"01";"MERCADONA";"ITA";"PJUR";"1234";"60";"GEN"
"02";"EL CORTE INGLES";"ITA";"PJUR";"2345";"EFE";"01"
"03";"OBRAS A MEDIDA SL";"ITA";"PJUR";"3456";"TRA";"0"
"04";"CONSTRUCCIONES SA";"ITA";"PJUR";"4567";"TRA";"0"
"05";"LADRILLOS PEPE SL";"ESPA";"PFIS";"8765";"CHE";"0"
"001";"TALLARIN VOLARE";"ESPA";"N";"A43344538";"RE15";"01"
"1";"CARLOS MORENO";"ESPA";"NULO";"023568978";"TRA";"0"
"2";"LUIS FERNANDEZ";"ESPA";"NULO";"01234567F";"TRA";"01"
"3";"DIDI SUAREZ";"ESPA";"NULO";"03876512L";"ANT";"0"
"4";"LUCIA GARCIA";"ESPA";"NULO";"02588677M";"TRA";"02"
"5";"JOAN FHILLIPS";"UK";"NULO";"04456712K";"CHE";"03"
"C01";"INMOBILIARIA TERRA,SL";"ESPA";"NULO";"B985698565";"TRA";"0"
"C02";"CONSTRUCTORA PEREZ, SA";"ESPA";"NULO";"B235621452";"TRA";"0"
"C03";"SANTA EURGENIA,SL";"ESPA";"NULO";"B023565478";"TRA";"0"
"C04";"REAL STATE NEW YORK";"EEUU";"NULO";"123642252A";"TRAI";"03"
"0100";"TCL";"ITA";"NULO";"IT846388";"EFE";"0"
"3456";"JOSE RODRIGUEZ HERNANDEZ";"ESPA";"N";"67434902W";"TAL";"01"
"01";"A SL";"ITA";"PJUR";"598986565d";"01";"0"
"02";"B SL";"ITA";"PJUR";"565982659d";"01";"0"
"03";"C SL";"ITA";"PJUR";"659598565d";"01";"0"
"04";"D SL";"ITA";"PJUR";"565965265d";"01";"0"
"05";"E SL";"ESPA";"PJUR";"6898565d";"01";"0"
"01";"CLAIRES";"ITA";"PJUR";"9873109801";"EFE";"B"
"02";"PACO ISMA";"FRA";"NULO";"87289310";"TRA";"C"
"03";"BRICK SL";"ESPA";"DNI";"82739287P";"CHE";"C"
"04";"MYAGLEET";"FRA";"NULO";"019808210";"EFE";"B"
"05";"CONSTRUCCIONES";"ITA";"N";"32879029";"CHE";"B"
"C01";"PIEZZA EXPRESS";"AZER";"NULO";"12345678Z";"TRA";"03"
"C05";"MATERIALES S";"ESPA";"PF";"2345678T";"99";"0"
"001";"TIENDA ELECTRODOMÉSTICOS URO, S.L.";"ESPA";"NULO";"B126037841";"TRA";"02"
"002";"TALLERES HAMILTON, S.L.";"UK";"N";"B295830257";"ANT";"03"
"003";"TALLER MANOLO GARCIA FERNANDEZ";"ESPA";"NULO";"45875432H";"TRA";"02"
"004";"CONSTRUCCIONES MOLERO, S.L.";"ESPA";"NULO";"B764392731";"CHE";"01"
"005";"IKER RODRIGUEZ LOPEZ";"ESPA";"PF";"96438513L";"TRA";"01"
"001";"ULTRALINE ITALIA S.R.L";"ITA";"PJUR";"IT04754091215";"TRA";"0"
"002";"MAREL S.A.S.";"ITA";"PJUR";"IT02505331211";"CHE";"0"
"003";"NOVAREF S.P.A.";"ITA";"PJUR";"IT06803790010";"1000";"0"
"004";"LADRILLOS NOVITA S.R.L";"ITA";"PJUR";"IT01393670359";"C52";"0"
"1002";"ELECTRONIC SA";"ITA";"NULO";"345423211";"CHE";"UNI"
"4999";"JAVI";"ESPA";"N";"39464491X";"1000";"X"
"7777";"AYTO MIJAS";"ESPA";"PF";"09999999J";"99";"0"
"003";"MATTONE SU MATTONE";"ESPA";"N";"A42531691";"L30";"0"
"005";"REFRATTARI LADRILLOS S.R.L";"ITA";"PJUR";"IT01944500352";"ANT";"B"
"006";"EL TUBARRO FLYERS";"ESPA";"EJ";"A33003658";"P4";"0"
"C05";"MAGENTA ARG";"ARGE";"N";"123652252";"TRAI";"03"
"7";"MOVIMOVE SL";"ESPA";"PF";"5670705D";"";"0"
"0002";"EMPRESA A";"ITA";"NULO";"4567892D";"EFE";"0"
"0003";"EMPRESA B";"ALEM";"N";"6578970A";"CHE";"0"
"0004";"EMPRESA C";"ITA";"EXT";"456890D";"01";"0"
"0005";"EMPRESA D";"ESPA";"PF";"98567483V";"CO30";"0"
"008";"PABLO MARMOL";"ESPA";"DNI";"B1289318892";"EFE";"0"
"011";"CLIENTE";"ESPA";"NULO";"22342";"TRA";"01"
"0004";"AMERICANA S.L.";"EEUU";"NULO";"P9856234";"99";"003"
"0005";"JUAN GONZÁLEZ";"ESPA";"NULO";"46367855N";"CHE";"001"
"0404";"CLIENTE PARA PRUEBA DE VENTA";"ESPA";"NULO";"B444000444";"99";"003"
"1";"A";"ALEM";"N";"333333333333333";"01";"0"
"01";"CLIENTE 1 CARLA";"ITA";"NULO";"VGV";"CTRA";"0"
"02";"CLIENTE 2 CARLA";"ITA";"NULO";"67423678";"CPAG";"001"
"03";"CLIENTE 3 CARLA";"ITA";"NULO";"65324567";"CEFE";"01"
"0001";"EMPRESA CLIENTE 1";"ESPA";"N";"12345678A";"P30";"0"
"0002";"CLIENTE PARTICULAR 1";"MEXI";"N";"123456";"250";"003"
"000000";"CLIENTE CONTADO";"ESPA";"NULO";"000000";"CON";"0"
"0001";"MABE";"ITA";"NULO";"0343999";"TAL";"UNI"
"0002";"AVIANCA ESP";"ESPA";"NULO";"982776438";"EFE";"UNI"
"00010";"CLIENTE EJEMPLO GESTOR";"ESPA";"EJ";"B25142514";"01";"0"
"01";"CONCESIONARIO BCN S.A";"ESPA";"N";"A1862156";"TRA";"0"
"02";"CONCESIONARIO MAD S.A";"ESPA";"N";"A5648612";"TRA";"0"
"01";"CLIENTE 1";"ESPA";"NULO";".";"TRA";"0"
"02";"CLIENTE 2";"ESPA";"NULO";"..";"TRA";"0"
"03";"CLIENTE 3";"ESPA";"NULO";"...";"TRA";"0"
"04";"CLIENTE 4";"ESPA";"NULO";"....";"TRA";"0"
"05";"CLIENTE 5";"ESPA";"NULO";".....";"TRA";"0"
"06";"CLOTY";"ESPA";"NULO";"23984230P";"TRAI";"B"
"005";"AERODROMO NOVE VENTI";"ESPA";"EJ";"A33003625";"P30";"0"
"1";"ES";"ESPA";"NULO";"B73287382";"01";"0"
"CL0006";"CUEROS PALERMO";"ESPA";"NULO";"54687";"TRA0";"02"
"2";"ESP";"ESPA";"NULO";"B778";"1000";"001"
"3";"ESPA";"ESPA";"NULO";"B32001102";"C52";"01"
"4";"EUROPA";"ITA";"NULO";"B7218";"CONE";"002"
"5";"FUERAEURO";"EEUU";"NULO";"B27812";"TRAI";"003"
"CL0007";"CARTERAS MAR";"ESPA";"N";"89347";"TRA0";"02"
"CL0009";"CUERINA LP";"ESPA";"N";"98765";"EFE";"GEN"
"CL0008";"PRUEBA FORMAS COBRO PAGO";"ESPA";"N";"668";"EFE";"GEN"
"CL0010";"PRUEBA COD POS 2";"ESPA";"N";"3214656";"EFE";"GEN"
"CL0015";"PRUEBA VENTAS";"ESPA";"NULO";"6549876P";"TRA";"0"
"8";"CLIENTE8";"ESPA";"N";"45678123P";"ANT";"03"
"0200";"ELECTRODOMESTICOS ELJURI";"ITA";"NULO";"IT374636";"EFE";"0"
"1001";"SAMSUNG";"ITA";"NULO";"IT6545354";"EFE";"UNI"
"7771";"AYTO FUENGIROLA";"ESPA";"PF";"00012365Z";"99";"0"
"00001";"AMADEO";"ESPA";"PF";"45462219M";"99";"02"
"C06";"PEPITO";"PORT";"NULO";"23456579Y";"TRA";"03"
"001";"ARMANDO DÍAZ";"ITA";"PFIS";"505060";"99";"001"
"111";"OPRUEBA";"ESPA";"N";".";"01";"001"
"001";"REAL MADRID";"ESPA";"NULO";"B929292922";"EFE";"0"
"002";"ATLETICO DE MADRID";"ESPA";"NULO";"B101010101";"TRA";"02"
"003";"MANCHESTER CITY";"EEUU";"NULO";"B020202022";"TRA$";"003"
"CL0001";"ALMAR";"ESPA";"N";"156499";"TRA0";"001"
"CL0002";"MONBA SAS";"ESPA";"NULO";"15649989";"TRA0";"001"
"CL0003";"ALFOMBRAS RIO";"ESPA";"PF";"12345678Z";"TRA";"01"
"CL0004";"SUSSA`S BAGS";"ESPA";"N";"789456";"TRA";"01"
"CL0005";"PRUEBA MENSAJE2";"ESPA";"N";"93601149";"EFE";"GEN"
"6";"CLIENTE6";"ESPA";"PF";"45678123P";"EFE";"002"
"7";"CLIENTE7";"ESPA";"N";"45678123P";"NAH1";"A01"
"001";"CLIENTE_UNO";"ESPA";"N";"1234568N";"01";"0"
"002";"CLIENTE_DOS";"ESPA";"N";"444565565N";"01";"0"
"003";"CLIENTE_TRES";"ESPA";"N";"789632563N";"01";"0"
"004";"CLIENTE_CUATRO";"FRA";"NULO";"FR 79 330 046 467";"TRAI";"03"
"005";"CLIENTE_CINCO";"MARR";"N";"FR 79 330 046 468";"TRAI";"03"
"00001";"CLIENTE_UNO";"ESPA";"N";"12345678N";"99";"0"
"00002";"CLIENTE_DOS";"ESPA";"N";"987456321N";"99";"0"
"07";"ESTHER OGANDO";"VEN";"N";"53894819C";"01";"0"
"1100";"NATASHA";"ITA";"CDI";"2245859N";"01";"0"
"1101";"CARMEN";"ITA";"CDI";"8374647J";"99";"001"
"1102";"ARANCETA";"ITA";"CDI";"8774647J";"99";"001"
"1103";"HEDRICH";"ITA";"CDI";"8774947J";"99";"001"
"006";"CORTE INGLES";"ITA";"NULO";"123456";"EFE";"001"
"001";"TIENDAS ELECTRICAS S.L.";"ESPA";"NULO";"B12121212";"CHE";"0"
"002";"MAYORISTA ROPA S.L.";"ESPA";"NULO";"B1236858";"CHE";"0"
"003";"INSUMOS ELECTRONICOS S.R.L.";"ITA";"EXT";"IT225858";"CHE";"002"
"004";"RAW MATERIALS S.A.";"EEUU";"NULO";"USA11225";"EFE";"003"
"005";"MATERIALES E INSUMOS S.L.";"ESPA";"NULO";"B899985";"EFE";"001"
"004";"ASD";"ESPA";"N";"123123123";"EFE";"0"
"005";"ASD";"ESPA";"N";"123123123";"EFE";"0"
"006";"JUAN FERNANDO QUINTERO";"ESPA";"N";"B677566576";"EFE";"0"
"007";"PEDRO MONTES";"ESPA";"N";"B39293495";"EFE";"003"
"00101";"DDD";"ESPA";"NULO";".";"01";"0"
"3";"CUEROS SA";"ESPA";"NULO";"1234567";"TRA";"001"
"CL0012";"PRUNE";"ARGE";"N";"6598436.3";"TRA0";"02"
"1";"ALBERTO PRUEBA";"ESPA";"N";"B5678123P";"99";"0"
"2";"CLIENTE OTRO";"ESPA";"PF";"45678912S";"CHE";"06"
"3";"CLIENTE3";"ESPA";"PF";"45678321E";"EFE";"B"
"4";"CLIENTE4";"ALEM";"N";"L01X00T47";"EFE";"04"
"5";"CLIENTE5";"VIET";"NULO";"43266436Y";"60";"003"
"1003";"ELECTRONICA CONJUNTO";"ITA";"NULO";"345423211";"EFE";"UNI"
"1004";"ELECTRONICA CONJUNTO";"ITA";"NULO";"345423211";"CHE";"UNI"
"06";"F EEUU";"EEUU";"NULO";"5454454F";"01";"03"
"CO2";"SOLENDO SA";"ESPA";"NULO";"123456789";"TRAI";"GEN"
"C03";"ELECTRO COMPIS";"ESPA";"N";"123453456T";"TRA";"0"
"C04";"OLLA EXPRESS S.A";"ESPA";"PF";"1234560N";"60";"0"
"CE0003";"LA INTERNACIONAL CO";"COLO";"NULO";"3065583119";"99";"52"
"06";"SKDJNODJ";"ESPA";"N";"HB";"01";"0"
"ARR";"ALEJANDRO RUIZ";"ESPA";"PF";"45934972Q";"99";"0"
"00001";"LA CASA DE LA TELE ROTA";"ITA";"PJUR";"72834589";"99";"51"
"00002";"CASA DEL AUDIO";"ITA";"PJUR";"8294785";"99";"52"
"00003";"TV LA COSA NOSTRA";"ITA";"EXT";"899435892";"99";"51"
"10001";"EL LADRILLO A LA VISTA";"ITA";"PJUR";"8748235827";"99";"71"
"10002";"EL LADRILLO ESCONDIDO";"RUSI";"PJUR";"8748235827";"99";"72"
"10003";"ESTE LADRILLO YA SE ROMPIO";"ITA";"PJUR";"37482374";"99";"71"
"004";"MILAR ESCARIOLO";"ESPA";"EJ";"A3300001";"RE36";"0"
"DCL";"DECATHLON";"ESPA";"EJ";"B13604442";"";"0"
"SPT";"SPRINTER";"ESPA";"EJ";"B53404646";"";"0"
"CBA";"CLUB DE BUCEO ALMERIA";"ESPA";"PF";"45934973V";"";"B"
"500";"ASC";"ESPA";"PF";"39450908C";"99";"001"
"501";"ASC2";"ESPA";"PF";"39450908C";"99";"001"
"001";"CLIENTE ROMA";"ITA";"PJUR";"12345678";"EFE";"0"
"002";"CLIENTE MILAN";"ITA";"PJUR";"12345679";"EFE";"0"
"002";"FILETTO VOLANTE MILANESE";"ESPA";"N";"A48759632";"RE30";"0"
"0001";"ELETTRONICA ALESSIA PELLEGRINO S.L.";"ITA";"PJUR";"ZB93431694";"EFE";"001"
"0002";"ELECTRODOMESTICOS JOSE MIGUEL GIL S. L.";"ESPA";"EJ";"B74955204";"99";"002"
"0004";"MILLER ELECTRONICS L.P.";"EEUU";"PJUR";"ET7200949";"99";"003"
"0003";"CONSTRUCTORA ESPERANZA GONZALEZ S.L.";"ESPA";"EJ";"B40259228";"99";"002"
"0005";"CONSTRUCTORA ROSSETTI S.R.L.";"ITA";"PJUR";"IT 99999999999";"L30";"001"
"0001";"EMPRESA PRUEBA";"ITA";"PF";"53865744C";"01";"51"
"0006";"CLIENTE NUEVO S.L.";"ITA";"NULO";"345678";"CHE";"001"
"003";"CLIENTE NAPOLES";"ITA";"PJUR";"12345680";"EFE";"0"
"004";"CLIENTE VENECIA";"ITA";"PJUR";"12345681";"EFE";"0"
"005";"CLIENTE SICILIA";"ITA";"PJUR";"12345682";"EFE";"0"
"009";"PEDRO PICAPIEDRAS";"ESPA";"DNI";"12912900912";"EFE";"0"
"010";"TIENDA ELECT";"ESPA";"NULO";"412412";"TRA";"02"
"012";"SUPER TECH";"ESPA";"N";"234232332";"CHE";"0"
"CL0011";"MUNDOCOPA";"ESPA";"N";"326598741";"TRA";"0"
"00003";"CLIENTE_TRES";"ESPA";"N";"333369852N";"99";"0"
"00004";"CLIENTE_CUATRO";"FRA";"NULO";"FR 79 330 046 467";"TRAI";"03"
"00005";"CLIENTE_CINCO";"MARR";"N";"333";"TRAI";"03"
"0001";"CONSTRUCCIONES S.L.";"ESPA";"NULO";"G12345678";"99";"001"
"006";"PRUEBA_MENSAJE";"ANDO";"N";"333";"TRA";"03"
"007";"PRUEBA_LUX";"LUX";"N";"123456";"TRAI";"0"
"0002";"HERMANOS GARCIA S.L.";"ESPA";"NULO";"B8563214";"60";"001"
"0003";"PORTUGAL, S.A.";"PORT";"NULO";"N78963251";"99";"002"
"0001";"Cliente1";"COLO";"NIT";"90000000000";"CON";"0"
"00001";"PABLO";"ITA";"NULO";"123456";"99";"001"
"00002";"PEDRO";"ITA";"NULO";"123456";"99";"001"
"00003";"JUAN";"ITA";"NULO";"123456";"99";"001"
"00004";"DIEGO";"ITA";"NULO";"123456";"99";"001"
"00005";"MARIO";"ITA";"NULO";"123456";"99";"001"
